"../../../Engine/Plugins/2D/Paper2D/Content/PlaceholderTextures/DummySpriteTexture.ubulk" 0
"../../../Engine/Plugins/2D/Paper2D/Content/PlaceholderTextures/DummySpriteTexture.uasset" 1
"../../../Engine/Plugins/2D/Paper2D/Content/PlaceholderTextures/DummySpriteTexture.uexp" 2
"../../../Engine/Plugins/2D/Paper2D/Content/DummySprite.uasset" 3
"../../../Engine/Plugins/2D/Paper2D/Content/DummySprite.uexp" 4
"../../../Engine/Plugins/2D/Paper2D/Content/DefaultPaperTerrainMaterial.uasset" 5
"../../../Engine/Plugins/2D/Paper2D/Content/DefaultPaperTerrainMaterial.uexp" 6
"../../../Engine/Plugins/Animation/ACLPlugin/Content/ACLAnimBoneCompressionSettings.uasset" 7
"../../../Engine/Plugins/Animation/ACLPlugin/Content/ACLAnimBoneCompressionSettings.uexp" 8
"../../../Engine/Content/EngineFonts/Faces/DroidSansFallback.uexp" 9
"../../../Engine/Content/EngineFonts/Faces/DroidSansFallback.uasset" 10
"../../../Engine/Content/EngineFonts/Faces/DroidSansFallback.ufont" 11
"../../../Engine/Content/EngineFonts/Faces/RobotoBold.uexp" 12
"../../../Engine/Content/EngineFonts/Faces/RobotoBold.uasset" 13
"../../../Engine/Content/EngineFonts/Faces/RobotoBold.ufont" 14
"../../../Engine/Content/EngineFonts/Faces/RobotoBoldItalic.uexp" 15
"../../../Engine/Content/EngineFonts/Faces/RobotoBoldItalic.uasset" 16
"../../../Engine/Content/EngineFonts/Faces/RobotoBoldItalic.ufont" 17
"../../../Engine/Content/EngineFonts/Faces/RobotoItalic.uexp" 18
"../../../Engine/Content/EngineFonts/Faces/RobotoItalic.uasset" 19
"../../../Engine/Content/EngineFonts/Faces/RobotoItalic.ufont" 20
"../../../Engine/Content/EngineFonts/Faces/RobotoLight.uexp" 21
"../../../Engine/Content/EngineFonts/Faces/RobotoLight.uasset" 22
"../../../Engine/Content/EngineFonts/Faces/RobotoLight.ufont" 23
"../../../Engine/Content/EngineFonts/Faces/RobotoRegular.uexp" 24
"../../../Engine/Content/EngineFonts/Faces/RobotoRegular.uasset" 25
"../../../Engine/Content/EngineFonts/Faces/RobotoRegular.ufont" 26
"../../../Engine/Content/EngineFonts/Roboto.uasset" 27
"../../../Engine/Content/EngineFonts/Roboto.uexp" 28
"../../../Engine/Content/EngineMaterials/DefaultDestructiblePhysicalMaterial.uasset" 29
"../../../Engine/Content/EngineMaterials/DefaultDestructiblePhysicalMaterial.uexp" 30
"../../../Engine/Content/EngineMaterials/DefaultPhysicalMaterial.uasset" 31
"../../../Engine/Content/EngineMaterials/DefaultPhysicalMaterial.uexp" 32
"../../../Engine/Content/EngineSounds/Master.uasset" 33
"../../../Engine/Content/EngineSounds/Master.uexp" 34
"../../../Engine/Plugins/Interchange/Runtime/Content/Pipelines/DefaultGLTFSceneAssetsPipeline.uasset" 35
"../../../Engine/Plugins/Interchange/Runtime/Content/Pipelines/DefaultGLTFSceneAssetsPipeline.uexp" 36
"../../../Engine/Plugins/Interchange/Runtime/Content/Pipelines/DefaultMaterialPipeline.uasset" 37
"../../../Engine/Plugins/Interchange/Runtime/Content/Pipelines/DefaultMaterialPipeline.uexp" 38
"../../../Engine/Plugins/Interchange/Runtime/Content/Pipelines/DefaultMaterialXPipeline.uasset" 39
"../../../Engine/Plugins/Interchange/Runtime/Content/Pipelines/DefaultMaterialXPipeline.uexp" 40
"../../../Engine/Plugins/Interchange/Runtime/Content/Pipelines/DefaultSceneAssetsPipeline.uasset" 41
"../../../Engine/Plugins/Interchange/Runtime/Content/Pipelines/DefaultSceneAssetsPipeline.uexp" 42
"../../../Engine/Plugins/Interchange/Runtime/Content/Pipelines/DefaultSceneLevelPipeline.uasset" 43
"../../../Engine/Plugins/Interchange/Runtime/Content/Pipelines/DefaultSceneLevelPipeline.uexp" 44
"../../../Engine/Plugins/Interchange/Runtime/Content/Pipelines/DefaultTexturePipeline.uasset" 45
"../../../Engine/Plugins/Interchange/Runtime/Content/Pipelines/DefaultTexturePipeline.uexp" 46
"../../../Engine/Content/EngineMaterials/T_Default_Material_Grid_M.ubulk" 47
"../../../Engine/Content/EngineMaterials/T_Default_Material_Grid_M.uasset" 48
"../../../Engine/Content/EngineMaterials/T_Default_Material_Grid_M.uexp" 49
"../../../Engine/Content/EngineMaterials/T_Default_Material_Grid_N.ubulk" 50
"../../../Engine/Content/EngineMaterials/T_Default_Material_Grid_N.uasset" 51
"../../../Engine/Content/EngineMaterials/T_Default_Material_Grid_N.uexp" 52
"../../../Engine/Content/Functions/Engine_MaterialFunctions01/Opacity/CameraDepthFade.uasset" 53
"../../../Engine/Content/Functions/Engine_MaterialFunctions01/Opacity/CameraDepthFade.uexp" 54
"../../../Engine/Content/EngineMaterials/WorldGridMaterial.uasset" 55
"../../../Engine/Content/EngineMaterials/WorldGridMaterial.uexp" 56
"../../../Engine/Content/BasicShapes/Plane.ubulk" 57
"../../../Engine/Content/BasicShapes/Plane.uasset" 58
"../../../Engine/Content/BasicShapes/Plane.uexp" 59
"../../../Engine/Plugins/Media/MediaPlate/Content/SM_MediaPlateScreen.ubulk" 60
"../../../Engine/Plugins/Media/MediaPlate/Content/SM_MediaPlateScreen.uasset" 61
"../../../Engine/Plugins/Media/MediaPlate/Content/SM_MediaPlateScreen.uexp" 62
"../../../Engine/Plugins/NNE/NNEDenoiser/Content/NNEDIM_ColorAlbedoNormal_Alpha.uasset" 63
"../../../Engine/Plugins/NNE/NNEDenoiser/Content/NNEDIM_ColorAlbedoNormal_Alpha.uexp" 64
"../../../Engine/Plugins/NNE/NNEDenoiser/Content/NNEDIM_ColorAlbedoNormal_Default.uasset" 65
"../../../Engine/Plugins/NNE/NNEDenoiser/Content/NNEDIM_ColorAlbedoNormal_Default.uexp" 66
"../../../Engine/Plugins/NNE/NNEDenoiser/Content/NNEDIM_HighQuality_Alpha.uasset" 67
"../../../Engine/Plugins/NNE/NNEDenoiser/Content/NNEDIM_HighQuality_Alpha.uexp" 68
"../../../Engine/Plugins/NNE/NNEDenoiser/Content/NNEDIM_HighQuality_Default.uasset" 69
"../../../Engine/Plugins/NNE/NNEDenoiser/Content/NNEDIM_HighQuality_Default.uexp" 70
"../../../Engine/Plugins/NNE/NNEDenoiser/Content/NNEDOM_Output_Alpha.uasset" 71
"../../../Engine/Plugins/NNE/NNEDenoiser/Content/NNEDOM_Output_Alpha.uexp" 72
"../../../Engine/Plugins/NNE/NNEDenoiser/Content/NNEDOM_Output_Default.uasset" 73
"../../../Engine/Plugins/NNE/NNEDenoiser/Content/NNEDOM_Output_Default.uexp" 74
"../../../Engine/Plugins/NNE/NNEDenoiser/Content/NNEDTIM_ColorAlbedoNormal_Alpha.uasset" 75
"../../../Engine/Plugins/NNE/NNEDenoiser/Content/NNEDTIM_ColorAlbedoNormal_Alpha.uexp" 76
"../../../Engine/Plugins/NNE/NNEDenoiser/Content/NNEDTIM_ColorAlbedoNormal_Default.uasset" 77
"../../../Engine/Plugins/NNE/NNEDenoiser/Content/NNEDTIM_ColorAlbedoNormal_Default.uexp" 78
"../../../Engine/Plugins/NNE/NNEDenoiser/Content/NNEDTOM_Output_Alpha.uasset" 79
"../../../Engine/Plugins/NNE/NNEDenoiser/Content/NNEDTOM_Output_Alpha.uexp" 80
"../../../Engine/Plugins/NNE/NNEDenoiser/Content/NNEDTOM_Output_Default.uasset" 81
"../../../Engine/Plugins/NNE/NNEDenoiser/Content/NNEDTOM_Output_Default.uexp" 82
"../../../Engine/Plugins/NNE/NNEDenoiser/Content/NNEDT_Oidn2-3_Balanced.uasset" 83
"../../../Engine/Plugins/NNE/NNEDenoiser/Content/NNEDT_Oidn2-3_Balanced.uexp" 84
"../../../Engine/Plugins/NNE/NNEDenoiser/Content/NNEDT_Oidn2-3_Balanced_Alpha.uasset" 85
"../../../Engine/Plugins/NNE/NNEDenoiser/Content/NNEDT_Oidn2-3_Balanced_Alpha.uexp" 86
"../../../Engine/Plugins/NNE/NNEDenoiser/Content/NNED_Oidn2-3_Balanced.uasset" 87
"../../../Engine/Plugins/NNE/NNEDenoiser/Content/NNED_Oidn2-3_Balanced.uexp" 88
"../../../Engine/Plugins/NNE/NNEDenoiser/Content/NNED_Oidn2-3_Balanced_Alpha.uasset" 89
"../../../Engine/Plugins/NNE/NNEDenoiser/Content/NNED_Oidn2-3_Balanced_Alpha.uexp" 90
"../../../Engine/Plugins/NNE/NNEDenoiser/Content/NNED_Oidn2-3_Fast.uasset" 91
"../../../Engine/Plugins/NNE/NNEDenoiser/Content/NNED_Oidn2-3_Fast.uexp" 92
"../../../Engine/Plugins/NNE/NNEDenoiser/Content/NNED_Oidn2-3_Fast_Alpha.uasset" 93
"../../../Engine/Plugins/NNE/NNEDenoiser/Content/NNED_Oidn2-3_Fast_Alpha.uexp" 94
"../../../Engine/Plugins/NNE/NNEDenoiser/Content/NNED_Oidn2-3_HighQuality.uasset" 95
"../../../Engine/Plugins/NNE/NNEDenoiser/Content/NNED_Oidn2-3_HighQuality.uexp" 96
"../../../Engine/Plugins/NNE/NNEDenoiser/Content/NNED_Oidn2-3_HighQuality_Alpha.uasset" 97
"../../../Engine/Plugins/NNE/NNEDenoiser/Content/NNED_Oidn2-3_HighQuality_Alpha.uexp" 98
"../../../Engine/Plugins/NNE/NNEDenoiser/Content/NNE_oidn2-3-0_rt_hdr_alb_nrm_small__dyn__fp16_opset11_DenoiseAlpha.uasset" 99
"../../../Engine/Plugins/NNE/NNEDenoiser/Content/NNE_oidn2-3-0_rt_hdr_alb_nrm_small__dyn__fp16_opset11_DenoiseAlpha.uexp" 100
"../../../Engine/Plugins/NNE/NNEDenoiser/Content/NNE_oidn2-3-0_rt_hdr_alb_nrm_small__dyn__fp16_opset11_ForwardAlpha.uasset" 101
"../../../Engine/Plugins/NNE/NNEDenoiser/Content/NNE_oidn2-3-0_rt_hdr_alb_nrm_small__dyn__fp16_opset11_ForwardAlpha.uexp" 102
"../../../Engine/Plugins/NNE/NNEDenoiser/Content/NNE_oidn2-3-0_rt_hdr_alb_nrm__dyn__fp16_opset11_DenoiseAlpha.uasset" 103
"../../../Engine/Plugins/NNE/NNEDenoiser/Content/NNE_oidn2-3-0_rt_hdr_alb_nrm__dyn__fp16_opset11_DenoiseAlpha.uexp" 104
"../../../Engine/Plugins/NNE/NNEDenoiser/Content/NNE_oidn2-3-0_rt_hdr_alb_nrm__dyn__fp16_opset11_ForwardAlpha.uasset" 105
"../../../Engine/Plugins/NNE/NNEDenoiser/Content/NNE_oidn2-3-0_rt_hdr_alb_nrm__dyn__fp16_opset11_ForwardAlpha.uexp" 106
"../../../Engine/Plugins/NNE/NNEDenoiser/Content/NNE_oidn2-3-0_rt_hdr_calb_cnrm_large__dyn__fp16_opset11_DenoiseAlpha.uasset" 107
"../../../Engine/Plugins/NNE/NNEDenoiser/Content/NNE_oidn2-3-0_rt_hdr_calb_cnrm_large__dyn__fp16_opset11_DenoiseAlpha.uexp" 108
"../../../Engine/Plugins/NNE/NNEDenoiser/Content/NNE_oidn2-3-0_rt_hdr_calb_cnrm_large__dyn__fp16_opset11_ForwardAlpha.uasset" 109
"../../../Engine/Plugins/NNE/NNEDenoiser/Content/NNE_oidn2-3-0_rt_hdr_calb_cnrm_large__dyn__fp16_opset11_ForwardAlpha.uexp" 110
"../../../Engine/Plugins/2D/Paper2D/Content/DefaultSpriteMaterial.uasset" 111
"../../../Engine/Plugins/2D/Paper2D/Content/DefaultSpriteMaterial.uexp" 112
"../../../Engine/Plugins/2D/Paper2D/Content/MaskedUnlitSpriteMaterial.uasset" 113
"../../../Engine/Plugins/2D/Paper2D/Content/MaskedUnlitSpriteMaterial.uexp" 114
"../../../Engine/Plugins/2D/Paper2D/Content/OpaqueUnlitSpriteMaterial.uasset" 115
"../../../Engine/Plugins/2D/Paper2D/Content/OpaqueUnlitSpriteMaterial.uexp" 116
"../../../Engine/Content/Functions/Engine_MaterialFunctions02/WorldPositionOffset/CameraOffset.uasset" 117
"../../../Engine/Content/Functions/Engine_MaterialFunctions02/WorldPositionOffset/CameraOffset.uexp" 118
"../../../Engine/Plugins/Animation/ControlRig/Content/M_Manip.uasset" 119
"../../../Engine/Plugins/Animation/ControlRig/Content/M_Manip.uexp" 120
"../../../Engine/Content/BasicShapes/Cube.ubulk" 121
"../../../Engine/Content/BasicShapes/Cube.uasset" 122
"../../../Engine/Content/BasicShapes/Cube.uexp" 123
"../../../Engine/Content/EditorResources/S_Solver.ubulk" 124
"../../../Engine/Content/EditorResources/S_Solver.uasset" 125
"../../../Engine/Content/EditorResources/S_Solver.uexp" 126
"../../../Engine/Content/EditorResources/S_Terrain.ubulk" 127
"../../../Engine/Content/EditorResources/S_Terrain.uasset" 128
"../../../Engine/Content/EditorResources/S_Terrain.uexp" 129
"../../../Engine/Content/EditorMaterials/PhAT_NoCollisionMaterial.uasset" 130
"../../../Engine/Content/EditorMaterials/PhAT_NoCollisionMaterial.uexp" 131
"../../../Engine/Content/EditorMaterials/PhAT_UnselectedMaterial.uasset" 132
"../../../Engine/Content/EditorMaterials/PhAT_UnselectedMaterial.uexp" 133
"../../../Engine/Content/EditorLandscapeResources/DefaultAlphaTexture.uasset" 134
"../../../Engine/Content/EditorLandscapeResources/DefaultAlphaTexture.uexp" 135
"../../../Engine/Content/EditorLandscapeResources/LandscapeDirtyMaterial.uasset" 136
"../../../Engine/Content/EditorLandscapeResources/LandscapeDirtyMaterial.uexp" 137
"../../../Engine/Content/EditorMaterials/PreviewShadowIndicator.ubulk" 138
"../../../Engine/Content/EditorMaterials/PreviewShadowIndicator.uasset" 139
"../../../Engine/Content/EditorMaterials/PreviewShadowIndicator.uexp" 140
"../../../Engine/Content/EditorMaterials/PreviewShadowIndicatorMaterial.uasset" 141
"../../../Engine/Content/EditorMaterials/PreviewShadowIndicatorMaterial.uexp" 142
"../../../Engine/Content/EditorResources/S_Trigger.ubulk" 143
"../../../Engine/Content/EditorResources/S_Trigger.uasset" 144
"../../../Engine/Content/EditorResources/S_Trigger.uexp" 145
"../../../Engine/Content/EditorResources/S_TriggerBox.uasset" 146
"../../../Engine/Content/EditorResources/S_TriggerBox.uexp" 147
"../../../Engine/Content/EditorResources/S_TriggerCapsule.uasset" 148
"../../../Engine/Content/EditorResources/S_TriggerCapsule.uexp" 149
"../../../Engine/Content/EditorResources/S_TriggerSphere.uasset" 150
"../../../Engine/Content/EditorResources/S_TriggerSphere.uexp" 151
"../../../Engine/Content/EngineDebugMaterials/M_SimpleUnlitTranslucent.uasset" 152
"../../../Engine/Content/EngineDebugMaterials/M_SimpleUnlitTranslucent.uexp" 153
"../../../Engine/Content/EngineMaterials/DefaultDiffuse.ubulk" 154
"../../../Engine/Content/EngineMaterials/DefaultDiffuse.uasset" 155
"../../../Engine/Content/EngineMaterials/DefaultDiffuse.uexp" 156
"../../../Engine/Content/Functions/Engine_MaterialFunctions01/Texturing/TextureCropping.uasset" 157
"../../../Engine/Content/Functions/Engine_MaterialFunctions01/Texturing/TextureCropping.uexp" 158
"../../../Engine/Content/Functions/Engine_MaterialFunctions02/ExampleContent/DebugNumberStrip.uasset" 159
"../../../Engine/Content/Functions/Engine_MaterialFunctions02/ExampleContent/DebugNumberStrip.uexp" 160
"../../../Engine/Content/Functions/Engine_MaterialFunctions01/Debug/DebugIntValues.uasset" 161
"../../../Engine/Content/Functions/Engine_MaterialFunctions01/Debug/DebugIntValues.uexp" 162
"../../../Engine/Content/Functions/Engine_MaterialFunctions02/Utility/BreakOutFloat2Components.uasset" 163
"../../../Engine/Content/Functions/Engine_MaterialFunctions02/Utility/BreakOutFloat2Components.uexp" 164
"../../../Engine/Content/Functions/Engine_MaterialFunctions01/Texturing/ScaleUVsByCenter.uasset" 165
"../../../Engine/Content/Functions/Engine_MaterialFunctions01/Texturing/ScaleUVsByCenter.uexp" 166
"../../../Engine/Content/Functions/Engine_MaterialFunctions02/WorldPositionOffset/LocalPosition.uasset" 167
"../../../Engine/Content/Functions/Engine_MaterialFunctions02/WorldPositionOffset/LocalPosition.uexp" 168
"../../../Engine/Content/EditorLandscapeResources/LandscapeLayerUsageMaterial.uasset" 169
"../../../Engine/Content/EditorLandscapeResources/LandscapeLayerUsageMaterial.uexp" 170
"../../../Engine/Content/Functions/Engine_MaterialFunctions02/Utility/CameraDirectionVector.uasset" 171
"../../../Engine/Content/Functions/Engine_MaterialFunctions02/Utility/CameraDirectionVector.uexp" 172
"../../../Engine/Content/EngineDebugMaterials/VolumeToRender.uasset" 173
"../../../Engine/Content/EngineDebugMaterials/VolumeToRender.uexp" 174
"../../../Engine/Content/EngineDebugMaterials/M_VolumeRenderSphereTracePP.uasset" 175
"../../../Engine/Content/EngineDebugMaterials/M_VolumeRenderSphereTracePP.uexp" 176
"../../../Engine/Content/EngineMaterials/DefaultBokeh.uasset" 177
"../../../Engine/Content/EngineMaterials/DefaultBokeh.uexp" 178
"../../../Engine/Content/EngineMaterials/DefaultDeferredDecalMaterial.uasset" 179
"../../../Engine/Content/EngineMaterials/DefaultDeferredDecalMaterial.uexp" 180
"../../../Engine/Content/EditorLandscapeResources/WhiteSquareTexture.uasset" 181
"../../../Engine/Content/EditorLandscapeResources/WhiteSquareTexture.uexp" 182
"../../../Engine/Content/EditorLandscapeResources/LayerVisMaterial.uasset" 183
"../../../Engine/Content/EditorLandscapeResources/LayerVisMaterial.uexp" 184
"../../../Engine/Content/EngineMaterials/DefaultLightFunctionMaterial.uasset" 185
"../../../Engine/Content/EngineMaterials/DefaultLightFunctionMaterial.uexp" 186
"../../../Engine/Content/Functions/Engine_MaterialFunctions02/Utility/MakeFloat3.uasset" 187
"../../../Engine/Content/Functions/Engine_MaterialFunctions02/Utility/MakeFloat3.uexp" 188
"../../../Engine/Content/Functions/Engine_MaterialFunctions03/Math/WithinRangeFloat2.uasset" 189
"../../../Engine/Content/Functions/Engine_MaterialFunctions03/Math/WithinRangeFloat2.uexp" 190
"../../../Engine/Content/EditorLandscapeResources/MaskBrushMaterial.uasset" 191
"../../../Engine/Content/EditorLandscapeResources/MaskBrushMaterial.uexp" 192
"../../../Engine/Content/EditorLandscapeResources/MaskBrushMaterial_MaskedRegion.uasset" 193
"../../../Engine/Content/EditorLandscapeResources/MaskBrushMaterial_MaskedRegion.uexp" 194
"../../../Engine/Content/EngineMaterials/DefaultPostProcessMaterial.uasset" 195
"../../../Engine/Content/EngineMaterials/DefaultPostProcessMaterial.uexp" 196
"../../../Engine/Content/EngineFonts/RobotoDistanceField.uasset" 197
"../../../Engine/Content/EngineFonts/RobotoDistanceField.uexp" 198
"../../../Engine/Content/EngineMaterials/DefaultTextMaterialOpaque.uasset" 199
"../../../Engine/Content/EngineMaterials/DefaultTextMaterialOpaque.uexp" 200
"../../../Engine/Content/EngineDamageTypes/DmgTypeBP_Environmental.uasset" 201
"../../../Engine/Content/EngineDamageTypes/DmgTypeBP_Environmental.uexp" 202
"../../../Engine/Content/EngineMaterials/DefaultWhiteGrid.ubulk" 203
"../../../Engine/Content/EngineMaterials/DefaultWhiteGrid.uasset" 204
"../../../Engine/Content/EngineMaterials/DefaultWhiteGrid.uexp" 205
"../../../Engine/Content/EditorLandscapeResources/SelectBrushMaterial.uasset" 206
"../../../Engine/Content/EditorLandscapeResources/SelectBrushMaterial.uexp" 207
"../../../Engine/Content/EditorLandscapeResources/SelectBrushMaterial_Selected.uasset" 208
"../../../Engine/Content/EditorLandscapeResources/SelectBrushMaterial_Selected.uexp" 209
"../../../Engine/Content/EngineMaterials/DefaultWhiteGrid_Low.uasset" 210
"../../../Engine/Content/EngineMaterials/DefaultWhiteGrid_Low.uexp" 211
"../../../Engine/Content/EngineMaterials/EmissiveMeshMaterial.uasset" 212
"../../../Engine/Content/EngineMaterials/EmissiveMeshMaterial.uexp" 213
"../../../Engine/Content/EngineMaterials/PhAT_JointLimitMaterial.uasset" 214
"../../../Engine/Content/EngineMaterials/PhAT_JointLimitMaterial.uexp" 215
"../../../Engine/Content/EditorResources/BSPVertex.uasset" 216
"../../../Engine/Content/EditorResources/BSPVertex.uexp" 217
"../../../Engine/Content/EditorLandscapeResources/SelectBrushMaterial_SelectedRegion.uasset" 218
"../../../Engine/Content/EditorLandscapeResources/SelectBrushMaterial_SelectedRegion.uexp" 219
"../../../Engine/Content/EngineMaterials/FastBlueNoise_scalar_128x128x64.uasset" 220
"../../../Engine/Content/EngineMaterials/FastBlueNoise_scalar_128x128x64.uexp" 221
"../../../Engine/Content/EngineDebugMaterials/DebugEditorMaterial.uasset" 222
"../../../Engine/Content/EngineDebugMaterials/DebugEditorMaterial.uexp" 223
"../../../Engine/Content/EngineMaterials/FastBlueNoise_scalar_128x128x8.uasset" 224
"../../../Engine/Content/EngineMaterials/FastBlueNoise_scalar_128x128x8.uexp" 225
"../../../Engine/Content/EngineDebugMaterials/DebugMeshMaterial.uasset" 226
"../../../Engine/Content/EngineDebugMaterials/DebugMeshMaterial.uexp" 227
"../../../Engine/Content/EditorLandscapeResources/SplineEditorMeshMat.uasset" 228
"../../../Engine/Content/EditorLandscapeResources/SplineEditorMeshMat.uexp" 229
"../../../Engine/Content/EditorLandscapeResources/SplineEditorMesh.ubulk" 230
"../../../Engine/Content/EditorLandscapeResources/SplineEditorMesh.uasset" 231
"../../../Engine/Content/EditorLandscapeResources/SplineEditorMesh.uexp" 232
"../../../Engine/Content/EngineResources/DefaultTextureCube.uasset" 233
"../../../Engine/Content/EngineResources/DefaultTextureCube.uexp" 234
"../../../Engine/Content/EngineMaterials/DefaultCalibrationColor.uasset" 235
"../../../Engine/Content/EngineMaterials/DefaultCalibrationColor.uexp" 236
"../../../Engine/Content/EngineMaterials/PPM_DefaultCalibrationColor.uasset" 237
"../../../Engine/Content/EngineMaterials/PPM_DefaultCalibrationColor.uexp" 238
"../../../Engine/Content/EngineResources/DefaultVolumeTexture2D.uasset" 239
"../../../Engine/Content/EngineResources/DefaultVolumeTexture2D.uexp" 240
"../../../Engine/Content/EngineResources/DefaultVolumeTexture.uasset" 241
"../../../Engine/Content/EngineResources/DefaultVolumeTexture.uexp" 242
"../../../Engine/Content/EngineMaterials/DefaultCalibrationGrayscale.uasset" 243
"../../../Engine/Content/EngineMaterials/DefaultCalibrationGrayscale.uexp" 244
"../../../Engine/Content/EngineMaterials/PPM_DefaultCalibrationGrayscale.uasset" 245
"../../../Engine/Content/EngineMaterials/PPM_DefaultCalibrationGrayscale.uexp" 246
"../../../Engine/Content/EngineResources/GradientTexture0.uasset" 247
"../../../Engine/Content/EngineResources/GradientTexture0.uexp" 248
"../../../Engine/Content/EngineMaterials/PreintegratedSkinBRDF.uasset" 249
"../../../Engine/Content/EngineMaterials/PreintegratedSkinBRDF.uexp" 250
"../../../Engine/Content/EngineResources/LandscapeVisibilityLayerInfo.uasset" 251
"../../../Engine/Content/EngineResources/LandscapeVisibilityLayerInfo.uexp" 252
"../../../Engine/Content/EditorResources/S_Actor.ubulk" 253
"../../../Engine/Content/EditorResources/S_Actor.uasset" 254
"../../../Engine/Content/EditorResources/S_Actor.uexp" 255
"../../../Engine/Content/EditorResources/S_BoxReflectionCapture.uasset" 256
"../../../Engine/Content/EditorResources/S_BoxReflectionCapture.uexp" 257
"../../../Engine/Content/EngineMaterials/RemoveSurfaceMaterial.uasset" 258
"../../../Engine/Content/EngineMaterials/RemoveSurfaceMaterial.uexp" 259
"../../../Engine/Content/EditorLandscapeResources/ColorMaskBrushMaterial.uasset" 260
"../../../Engine/Content/EditorLandscapeResources/ColorMaskBrushMaterial.uexp" 261
"../../../Engine/Content/EditorLandscapeResources/ColorMaskBrushMaterial_MaskedRegion.uasset" 262
"../../../Engine/Content/EditorLandscapeResources/ColorMaskBrushMaterial_MaskedRegion.uexp" 263
"../../../Engine/Content/EngineMaterials/SMAAAreaTex.uasset" 264
"../../../Engine/Content/EngineMaterials/SMAAAreaTex.uexp" 265
"../../../Engine/Plugins/Animation/ControlRig/Content/Controls/ControlRig_Hexagon_3mm.ubulk" 266
"../../../Engine/Plugins/Animation/ControlRig/Content/Controls/ControlRig_Hexagon_3mm.uasset" 267
"../../../Engine/Plugins/Animation/ControlRig/Content/Controls/ControlRig_Hexagon_3mm.uexp" 268
"../../../Engine/Plugins/Animation/ControlRig/Content/Controls/ControlRig_Hexagon_solid.ubulk" 269
"../../../Engine/Plugins/Animation/ControlRig/Content/Controls/ControlRig_Hexagon_solid.uasset" 270
"../../../Engine/Plugins/Animation/ControlRig/Content/Controls/ControlRig_Hexagon_solid.uexp" 271
"../../../Engine/Content/EngineMaterials/SMAASearchTex.uasset" 272
"../../../Engine/Content/EngineMaterials/SMAASearchTex.uexp" 273
"../../../Engine/Plugins/Animation/ControlRig/Content/Controls/ControlRig_Octagon_1mm.ubulk" 274
"../../../Engine/Plugins/Animation/ControlRig/Content/Controls/ControlRig_Octagon_1mm.uasset" 275
"../../../Engine/Plugins/Animation/ControlRig/Content/Controls/ControlRig_Octagon_1mm.uexp" 276
"../../../Engine/Plugins/Animation/ControlRig/Content/Controls/ControlRig_Octagon_3mm.ubulk" 277
"../../../Engine/Plugins/Animation/ControlRig/Content/Controls/ControlRig_Octagon_3mm.uasset" 278
"../../../Engine/Plugins/Animation/ControlRig/Content/Controls/ControlRig_Octagon_3mm.uexp" 279
"../../../Engine/Plugins/Animation/ControlRig/Content/Controls/ControlRig_Octagon_solid.ubulk" 280
"../../../Engine/Plugins/Animation/ControlRig/Content/Controls/ControlRig_Octagon_solid.uasset" 281
"../../../Engine/Plugins/Animation/ControlRig/Content/Controls/ControlRig_Octagon_solid.uexp" 282
"../../../Engine/Plugins/Animation/ControlRig/Content/Controls/ControlRig_Pyramid_1mm.ubulk" 283
"../../../Engine/Plugins/Animation/ControlRig/Content/Controls/ControlRig_Pyramid_1mm.uasset" 284
"../../../Engine/Plugins/Animation/ControlRig/Content/Controls/ControlRig_Pyramid_1mm.uexp" 285
"../../../Engine/Plugins/Animation/ControlRig/Content/Controls/ControlRig_Pyramid_3mm.ubulk" 286
"../../../Engine/Plugins/Animation/ControlRig/Content/Controls/ControlRig_Pyramid_3mm.uasset" 287
"../../../Engine/Plugins/Animation/ControlRig/Content/Controls/ControlRig_Pyramid_3mm.uexp" 288
"../../../Engine/Plugins/Animation/ControlRig/Content/Controls/ControlRig_Pyramid_solid.ubulk" 289
"../../../Engine/Plugins/Animation/ControlRig/Content/Controls/ControlRig_Pyramid_solid.uasset" 290
"../../../Engine/Plugins/Animation/ControlRig/Content/Controls/ControlRig_Pyramid_solid.uexp" 291
"../../../Engine/Plugins/Animation/ControlRig/Content/Controls/ControlRig_QuarterCircle_1mm.ubulk" 292
"../../../Engine/Plugins/Animation/ControlRig/Content/Controls/ControlRig_QuarterCircle_1mm.uasset" 293
"../../../Engine/Plugins/Animation/ControlRig/Content/Controls/ControlRig_QuarterCircle_1mm.uexp" 294
"../../../Engine/Plugins/Animation/ControlRig/Content/Controls/ControlRig_QuarterCircle_3mm.ubulk" 295
"../../../Engine/Plugins/Animation/ControlRig/Content/Controls/ControlRig_QuarterCircle_3mm.uasset" 296
"../../../Engine/Plugins/Animation/ControlRig/Content/Controls/ControlRig_QuarterCircle_3mm.uexp" 297
"../../../Engine/Plugins/Animation/ControlRig/Content/Controls/ControlRig_QuarterCircle_solid.ubulk" 298
"../../../Engine/Plugins/Animation/ControlRig/Content/Controls/ControlRig_QuarterCircle_solid.uasset" 299
"../../../Engine/Plugins/Animation/ControlRig/Content/Controls/ControlRig_QuarterCircle_solid.uexp" 300
"../../../Engine/Plugins/Animation/ControlRig/Content/Controls/ControlRig_RoundedSquare_1mm.ubulk" 301
"../../../Engine/Plugins/Animation/ControlRig/Content/Controls/ControlRig_RoundedSquare_1mm.uasset" 302
"../../../Engine/Plugins/Animation/ControlRig/Content/Controls/ControlRig_RoundedSquare_1mm.uexp" 303
"../../../Engine/Plugins/Animation/ControlRig/Content/Controls/ControlRig_RoundedSquare_3mm.ubulk" 304
"../../../Engine/Plugins/Animation/ControlRig/Content/Controls/ControlRig_RoundedSquare_3mm.uasset" 305
"../../../Engine/Plugins/Animation/ControlRig/Content/Controls/ControlRig_RoundedSquare_3mm.uexp" 306
"../../../Engine/Plugins/Animation/ControlRig/Content/Controls/ControlRig_RoundedSquare_solid.ubulk" 307
"../../../Engine/Plugins/Animation/ControlRig/Content/Controls/ControlRig_RoundedSquare_solid.uasset" 308
"../../../Engine/Plugins/Animation/ControlRig/Content/Controls/ControlRig_RoundedSquare_solid.uexp" 309
"../../../Engine/Plugins/Animation/ControlRig/Content/Controls/ControlRig_RoundedTriangle_1mm.ubulk" 310
"../../../Engine/Plugins/Animation/ControlRig/Content/Controls/ControlRig_RoundedTriangle_1mm.uasset" 311
"../../../Engine/Plugins/Animation/ControlRig/Content/Controls/ControlRig_RoundedTriangle_1mm.uexp" 312
"../../../Engine/Plugins/Animation/ControlRig/Content/Controls/ControlRig_RoundedTriangle_3mm.ubulk" 313
"../../../Engine/Plugins/Animation/ControlRig/Content/Controls/ControlRig_RoundedTriangle_3mm.uasset" 314
"../../../Engine/Plugins/Animation/ControlRig/Content/Controls/ControlRig_RoundedTriangle_3mm.uexp" 315
"../../../Engine/Plugins/Animation/ControlRig/Content/Controls/ControlRig_RoundedTriangle_solid.ubulk" 316
"../../../Engine/Plugins/Animation/ControlRig/Content/Controls/ControlRig_RoundedTriangle_solid.uasset" 317
"../../../Engine/Plugins/Animation/ControlRig/Content/Controls/ControlRig_RoundedTriangle_solid.uexp" 318
"../../../Engine/Content/EngineMaterials/FastBlueNoise_vec2_128x128x64.uasset" 319
"../../../Engine/Content/EngineMaterials/FastBlueNoise_vec2_128x128x64.uexp" 320
"../../../Engine/Plugins/Animation/ControlRig/Content/Controls/ControlRig_Sphere_1mm.ubulk" 321
"../../../Engine/Plugins/Animation/ControlRig/Content/Controls/ControlRig_Sphere_1mm.uasset" 322
"../../../Engine/Plugins/Animation/ControlRig/Content/Controls/ControlRig_Sphere_1mm.uexp" 323
"../../../Engine/Content/EngineMaterials/BaseFlattenDiffuseMap.uasset" 324
"../../../Engine/Content/EngineMaterials/BaseFlattenDiffuseMap.uexp" 325
"../../../Engine/Content/EngineMaterials/BaseFlattenEmissiveMap.uasset" 326
"../../../Engine/Content/EngineMaterials/BaseFlattenEmissiveMap.uexp" 327
"../../../Engine/Content/EngineMaterials/BaseFlattenGrayscaleMap.uasset" 328
"../../../Engine/Content/EngineMaterials/BaseFlattenGrayscaleMap.uexp" 329
"../../../Engine/Content/EngineMaterials/BaseFlattenLinearColor.uasset" 330
"../../../Engine/Content/EngineMaterials/BaseFlattenLinearColor.uexp" 331
"../../../Engine/Content/EngineMaterials/BaseFlattenNormalMap.uasset" 332
"../../../Engine/Content/EngineMaterials/BaseFlattenNormalMap.uexp" 333
"../../../Engine/Content/Functions/Engine_MaterialFunctions02/PivotPainter2/Black_1x1_EXR_Texture.uasset" 334
"../../../Engine/Content/Functions/Engine_MaterialFunctions02/PivotPainter2/Black_1x1_EXR_Texture.uexp" 335
"../../../Engine/Content/EngineMaterials/FlattenMaterial.uasset" 336
"../../../Engine/Content/EngineMaterials/FlattenMaterial.uexp" 337
"../../../Engine/Plugins/Animation/ControlRig/Content/Controls/ControlRig_Sphere_3mm.ubulk" 338
"../../../Engine/Plugins/Animation/ControlRig/Content/Controls/ControlRig_Sphere_3mm.uasset" 339
"../../../Engine/Plugins/Animation/ControlRig/Content/Controls/ControlRig_Sphere_3mm.uexp" 340
"../../../Engine/Content/EngineMaterials/BaseFlattenDiffuseMap_VT.ubulk" 341
"../../../Engine/Content/EngineMaterials/BaseFlattenDiffuseMap_VT.uasset" 342
"../../../Engine/Content/EngineMaterials/BaseFlattenDiffuseMap_VT.uexp" 343
"../../../Engine/Content/EngineMaterials/BaseFlattenEmissiveMap_VT.ubulk" 344
"../../../Engine/Content/EngineMaterials/BaseFlattenEmissiveMap_VT.uasset" 345
"../../../Engine/Content/EngineMaterials/BaseFlattenEmissiveMap_VT.uexp" 346
"../../../Engine/Content/EngineMaterials/BaseFlattenGrayscaleMap_VT.ubulk" 347
"../../../Engine/Content/EngineMaterials/BaseFlattenGrayscaleMap_VT.uasset" 348
"../../../Engine/Content/EngineMaterials/BaseFlattenGrayscaleMap_VT.uexp" 349
"../../../Engine/Content/EngineMaterials/BaseFlattenLinearColor_VT.ubulk" 350
"../../../Engine/Content/EngineMaterials/BaseFlattenLinearColor_VT.uasset" 351
"../../../Engine/Content/EngineMaterials/BaseFlattenLinearColor_VT.uexp" 352
"../../../Engine/Content/EngineMaterials/BaseFlattenNormalMap_VT.ubulk" 353
"../../../Engine/Content/EngineMaterials/BaseFlattenNormalMap_VT.uasset" 354
"../../../Engine/Content/EngineMaterials/BaseFlattenNormalMap_VT.uexp" 355
"../../../Engine/Content/EngineMaterials/Black_1x1_EXR_Texture_VT.ubulk" 356
"../../../Engine/Content/EngineMaterials/Black_1x1_EXR_Texture_VT.uasset" 357
"../../../Engine/Content/EngineMaterials/Black_1x1_EXR_Texture_VT.uexp" 358
"../../../Engine/Content/EngineMaterials/FlattenMaterial_VT.uasset" 359
"../../../Engine/Content/EngineMaterials/FlattenMaterial_VT.uexp" 360
"../../../Engine/Plugins/Animation/ControlRig/Content/Controls/ControlRig_Sphere_solid.ubulk" 361
"../../../Engine/Plugins/Animation/ControlRig/Content/Controls/ControlRig_Sphere_solid.uasset" 362
"../../../Engine/Plugins/Animation/ControlRig/Content/Controls/ControlRig_Sphere_solid.uexp" 363
"../../../Engine/Content/EngineMaterials/FlattenMaterial_WS_Normal_VT.uasset" 364
"../../../Engine/Content/EngineMaterials/FlattenMaterial_WS_Normal_VT.uexp" 365
"../../../Engine/Plugins/Animation/ControlRig/Content/Controls/ControlRig_Square_1mm.ubulk" 366
"../../../Engine/Plugins/Animation/ControlRig/Content/Controls/ControlRig_Square_1mm.uasset" 367
"../../../Engine/Plugins/Animation/ControlRig/Content/Controls/ControlRig_Square_1mm.uexp" 368
"../../../Engine/Content/EngineMaterials/GizmoMaterial.uasset" 369
"../../../Engine/Content/EngineMaterials/GizmoMaterial.uexp" 370
"../../../Engine/Plugins/Animation/ControlRig/Content/Controls/ControlRig_Square_3mm.ubulk" 371
"../../../Engine/Plugins/Animation/ControlRig/Content/Controls/ControlRig_Square_3mm.uasset" 372
"../../../Engine/Plugins/Animation/ControlRig/Content/Controls/ControlRig_Square_3mm.uexp" 373
"../../../Engine/Plugins/Animation/ControlRig/Content/Controls/ControlRig_Square_solid.ubulk" 374
"../../../Engine/Plugins/Animation/ControlRig/Content/Controls/ControlRig_Square_solid.uasset" 375
"../../../Engine/Plugins/Animation/ControlRig/Content/Controls/ControlRig_Square_solid.uexp" 376
"../../../Engine/Plugins/Animation/ControlRig/Content/Controls/ControlRig_Star4_1mm.ubulk" 377
"../../../Engine/Plugins/Animation/ControlRig/Content/Controls/ControlRig_Star4_1mm.uasset" 378
"../../../Engine/Plugins/Animation/ControlRig/Content/Controls/ControlRig_Star4_1mm.uexp" 379
"../../../Engine/Content/EngineMaterials/WeightMapPlaceholderTexture.uasset" 380
"../../../Engine/Content/EngineMaterials/WeightMapPlaceholderTexture.uexp" 381
"../../../Engine/Content/EngineMaterials/WeightMapArrayPlaceholderTexture.uasset" 382
"../../../Engine/Content/EngineMaterials/WeightMapArrayPlaceholderTexture.uexp" 383
"../../../Engine/Plugins/Animation/ControlRig/Content/Controls/ControlRig_Star4_3mm.ubulk" 384
"../../../Engine/Plugins/Animation/ControlRig/Content/Controls/ControlRig_Star4_3mm.uasset" 385
"../../../Engine/Plugins/Animation/ControlRig/Content/Controls/ControlRig_Star4_3mm.uexp" 386
"../../../Engine/Plugins/Animation/ControlRig/Content/Controls/ControlRig_Star4_solid.ubulk" 387
"../../../Engine/Plugins/Animation/ControlRig/Content/Controls/ControlRig_Star4_solid.uasset" 388
"../../../Engine/Plugins/Animation/ControlRig/Content/Controls/ControlRig_Star4_solid.uexp" 389
"../../../Engine/Plugins/Animation/ControlRig/Content/Controls/ControlRig_Triangle_1mm.ubulk" 390
"../../../Engine/Plugins/Animation/ControlRig/Content/Controls/ControlRig_Triangle_1mm.uasset" 391
"../../../Engine/Plugins/Animation/ControlRig/Content/Controls/ControlRig_Triangle_1mm.uexp" 392
"../../../Engine/Plugins/Animation/ControlRig/Content/Controls/ControlRig_Triangle_3mm.ubulk" 393
"../../../Engine/Plugins/Animation/ControlRig/Content/Controls/ControlRig_Triangle_3mm.uasset" 394
"../../../Engine/Plugins/Animation/ControlRig/Content/Controls/ControlRig_Triangle_3mm.uexp" 395
"../../../Engine/Content/EngineResources/WhiteSquareTexture.uasset" 396
"../../../Engine/Content/EngineResources/WhiteSquareTexture.uexp" 397
"../../../Engine/Content/EngineMaterials/Widget3DPassThrough.uasset" 398
"../../../Engine/Content/EngineMaterials/Widget3DPassThrough.uexp" 399
"../../../Engine/Content/EngineMaterials/Widget3DPassThrough_Masked.uasset" 400
"../../../Engine/Content/EngineMaterials/Widget3DPassThrough_Masked.uexp" 401
"../../../Engine/Content/EngineMaterials/Widget3DPassThrough_Opaque.uasset" 402
"../../../Engine/Content/EngineMaterials/Widget3DPassThrough_Opaque.uexp" 403
"../../../Engine/Content/EngineMaterials/Widget3DPassThrough_Masked_OneSided.uasset" 404
"../../../Engine/Content/EngineMaterials/Widget3DPassThrough_Masked_OneSided.uexp" 405
"../../../Engine/Content/EngineMaterials/DefaultBloomKernel.uasset" 406
"../../../Engine/Content/EngineMaterials/DefaultBloomKernel.uexp" 407
"../../../Engine/Content/EngineMaterials/Widget3DPassThrough_Opaque_OneSided.uasset" 408
"../../../Engine/Content/EngineMaterials/Widget3DPassThrough_Opaque_OneSided.uexp" 409
"../../../Engine/Content/EngineMaterials/Widget3DPassThrough_Translucent.uasset" 410
"../../../Engine/Content/EngineMaterials/Widget3DPassThrough_Translucent.uexp" 411
"../../../Engine/Content/EngineMaterials/Widget3DPassThrough_Translucent_OneSided.uasset" 412
"../../../Engine/Content/EngineMaterials/Widget3DPassThrough_Translucent_OneSided.uexp" 413
"../../../Engine/Content/Functions/Engine_MaterialFunctions02/SplitComponents.uasset" 414
"../../../Engine/Content/Functions/Engine_MaterialFunctions02/SplitComponents.uexp" 415
"../../../Engine/Content/Functions/Engine_MaterialFunctions02/Utility/BreakOutFloat3Components.uasset" 416
"../../../Engine/Content/Functions/Engine_MaterialFunctions02/Utility/BreakOutFloat3Components.uexp" 417
"../../../Engine/Content/Functions/Engine_MaterialFunctions02/Math/Transform3x3Matrix.uasset" 418
"../../../Engine/Content/Functions/Engine_MaterialFunctions02/Math/Transform3x3Matrix.uexp" 419
"../../../Engine/Content/VREditor/SnapGrid/SnapGridMaterial.uasset" 420
"../../../Engine/Content/VREditor/SnapGrid/SnapGridMaterial.uexp" 421
"../../../Engine/Content/VREditor/SnapGrid/SnapGridPlaneMesh.ubulk" 422
"../../../Engine/Content/VREditor/SnapGrid/SnapGridPlaneMesh.uasset" 423
"../../../Engine/Content/VREditor/SnapGrid/SnapGridPlaneMesh.uexp" 424
"../../../Engine/Content/VREditor/LaserPointer/VR_LaserPower_01.ubulk" 425
"../../../Engine/Content/VREditor/LaserPointer/VR_LaserPower_01.uasset" 426
"../../../Engine/Content/VREditor/LaserPointer/VR_LaserPower_01.uexp" 427
"../../../Engine/Content/VREditor/TransformGizmo/TransformGizmoMaterial.uasset" 428
"../../../Engine/Content/VREditor/TransformGizmo/TransformGizmoMaterial.uexp" 429
"../../../Engine/Content/VREditor/TransformGizmo/TranslucentTransformGizmoMaterial.uasset" 430
"../../../Engine/Content/VREditor/TransformGizmo/TranslucentTransformGizmoMaterial.uexp" 431
"../../../Engine/Content/VREditor/TransformGizmo/PlaneTranslationHandle.ubulk" 432
"../../../Engine/Content/VREditor/TransformGizmo/PlaneTranslationHandle.uasset" 433
"../../../Engine/Content/VREditor/TransformGizmo/PlaneTranslationHandle.uexp" 434
"../../../Engine/Content/VREditor/TransformGizmo/RotationHandleFull.ubulk" 435
"../../../Engine/Content/VREditor/TransformGizmo/RotationHandleFull.uasset" 436
"../../../Engine/Content/VREditor/TransformGizmo/RotationHandleFull.uexp" 437
"../../../Engine/Content/VREditor/TransformGizmo/RotationHandleIndicator.ubulk" 438
"../../../Engine/Content/VREditor/TransformGizmo/RotationHandleIndicator.uasset" 439
"../../../Engine/Content/VREditor/TransformGizmo/RotationHandleIndicator.uexp" 440
"../../../Engine/Content/VREditor/TransformGizmo/RotationHandleQuarter.ubulk" 441
"../../../Engine/Content/VREditor/TransformGizmo/RotationHandleQuarter.uasset" 442
"../../../Engine/Content/VREditor/TransformGizmo/RotationHandleQuarter.uexp" 443
"../../../Engine/Content/VREditor/TransformGizmo/StartRotationHandleIndicator.ubulk" 444
"../../../Engine/Content/VREditor/TransformGizmo/StartRotationHandleIndicator.uasset" 445
"../../../Engine/Content/VREditor/TransformGizmo/StartRotationHandleIndicator.uexp" 446
"../../../Engine/Content/VREditor/TransformGizmo/TranslucentTransformGizmoMaterial_Inst.uasset" 447
"../../../Engine/Content/VREditor/TransformGizmo/TranslucentTransformGizmoMaterial_Inst.uexp" 448
"../../../Engine/Content/VREditor/TransformGizmo/TransformGizmoFreeRotation.ubulk" 449
"../../../Engine/Content/VREditor/TransformGizmo/TransformGizmoFreeRotation.uasset" 450
"../../../Engine/Content/VREditor/TransformGizmo/TransformGizmoFreeRotation.uexp" 451
"../../../Engine/Content/VREditor/TransformGizmo/TransformGizmoMaterial_Inst.uasset" 452
"../../../Engine/Content/VREditor/TransformGizmo/TransformGizmoMaterial_Inst.uexp" 453
"../../../Engine/Content/VREditor/TransformGizmo/TranslateArrowHandle.ubulk" 454
"../../../Engine/Content/VREditor/TransformGizmo/TranslateArrowHandle.uasset" 455
"../../../Engine/Content/VREditor/TransformGizmo/TranslateArrowHandle.uexp" 456
"../../../Engine/Content/VREditor/TransformGizmo/UniformScaleHandle.ubulk" 457
"../../../Engine/Content/VREditor/TransformGizmo/UniformScaleHandle.uasset" 458
"../../../Engine/Content/VREditor/TransformGizmo/UniformScaleHandle.uexp" 459
"../../../Engine/Content/VREditor/Sounds/UI/Drop_Item_From_ContentBrowser.ubulk" 460
"../../../Engine/Content/VREditor/Sounds/UI/Drop_Item_From_ContentBrowser.uasset" 461
"../../../Engine/Content/VREditor/Sounds/UI/Drop_Item_From_ContentBrowser.uexp" 462
"../../../Engine/Content/VREditor/Sounds/UI/Gizmo_Handle_Clicked.ubulk" 463
"../../../Engine/Content/VREditor/Sounds/UI/Gizmo_Handle_Clicked.uasset" 464
"../../../Engine/Content/VREditor/Sounds/UI/Gizmo_Handle_Clicked.uexp" 465
"../../../Engine/Content/VREditor/Sounds/UI/Object_PickUp.ubulk" 466
"../../../Engine/Content/VREditor/Sounds/UI/Object_PickUp.uasset" 467
"../../../Engine/Content/VREditor/Sounds/UI/Object_PickUp.uexp" 468
"../../../Engine/Content/VREditor/Sounds/UI/Object_Snaps_To_Another_Actor.ubulk" 469
"../../../Engine/Content/VREditor/Sounds/UI/Object_Snaps_To_Another_Actor.uasset" 470
"../../../Engine/Content/VREditor/Sounds/UI/Object_Snaps_To_Another_Actor.uexp" 471
"../../../Engine/Content/VREditor/Sounds/UI/Object_Snaps_To_Grid.ubulk" 472
"../../../Engine/Content/VREditor/Sounds/UI/Object_Snaps_To_Grid.uasset" 473
"../../../Engine/Content/VREditor/Sounds/UI/Object_Snaps_To_Grid.uexp" 474
"../../../Engine/Content/VREditor/Sounds/UI/Scaling_Down.ubulk" 475
"../../../Engine/Content/VREditor/Sounds/UI/Scaling_Down.uasset" 476
"../../../Engine/Content/VREditor/Sounds/UI/Scaling_Down.uexp" 477
"../../../Engine/Content/VREditor/Sounds/UI/Scaling_Up.ubulk" 478
"../../../Engine/Content/VREditor/Sounds/UI/Scaling_Up.uasset" 479
"../../../Engine/Content/VREditor/Sounds/UI/Scaling_Up.uexp" 480
"../../../Engine/Content/VREditor/Sounds/UI/Selection_Changes.ubulk" 481
"../../../Engine/Content/VREditor/Sounds/UI/Selection_Changes.uasset" 482
"../../../Engine/Content/VREditor/Sounds/UI/Selection_Changes.uexp" 483
"../../../Engine/Plugins/Animation/ControlRig/Content/Controls/ControlRig_Triangle_solid.ubulk" 484
"../../../Engine/Plugins/Animation/ControlRig/Content/Controls/ControlRig_Triangle_solid.uasset" 485
"../../../Engine/Plugins/Animation/ControlRig/Content/Controls/ControlRig_Triangle_solid.uexp" 486
"../../../Engine/Plugins/Animation/ControlRig/Content/Controls/ControlRig_Wedge_1mm.ubulk" 487
"../../../Engine/Plugins/Animation/ControlRig/Content/Controls/ControlRig_Wedge_1mm.uasset" 488
"../../../Engine/Plugins/Animation/ControlRig/Content/Controls/ControlRig_Wedge_1mm.uexp" 489
"../../../Engine/Plugins/Animation/ControlRig/Content/Controls/ControlRig_Wedge_3mm.ubulk" 490
"../../../Engine/Plugins/Animation/ControlRig/Content/Controls/ControlRig_Wedge_3mm.uasset" 491
"../../../Engine/Plugins/Animation/ControlRig/Content/Controls/ControlRig_Wedge_3mm.uexp" 492
"../../../Engine/Plugins/Animation/ControlRig/Content/Controls/ControlRig_Wedge_solid.ubulk" 493
"../../../Engine/Plugins/Animation/ControlRig/Content/Controls/ControlRig_Wedge_solid.uasset" 494
"../../../Engine/Plugins/Animation/ControlRig/Content/Controls/ControlRig_Wedge_solid.uexp" 495
"../../../Engine/Plugins/Animation/ControlRig/Content/Controls/ControlRigGizmoMaterial.uasset" 496
"../../../Engine/Plugins/Animation/ControlRig/Content/Controls/ControlRigGizmoMaterial.uexp" 497
"../../../Engine/Plugins/Animation/ControlRig/Content/Controls/ControlRigXRayMaterial.uasset" 498
"../../../Engine/Plugins/Animation/ControlRig/Content/Controls/ControlRigXRayMaterial.uexp" 499
"../../../Engine/Plugins/Animation/ControlRig/Content/Controls/ControlRig_Arrow2_1mm.ubulk" 500
"../../../Engine/Plugins/Animation/ControlRig/Content/Controls/ControlRig_Arrow2_1mm.uasset" 501
"../../../Engine/Plugins/Animation/ControlRig/Content/Controls/ControlRig_Arrow2_1mm.uexp" 502
"../../../Engine/Plugins/Animation/ControlRig/Content/Controls/ControlRig_Arrow2_3mm.ubulk" 503
"../../../Engine/Plugins/Animation/ControlRig/Content/Controls/ControlRig_Arrow2_3mm.uasset" 504
"../../../Engine/Plugins/Animation/ControlRig/Content/Controls/ControlRig_Arrow2_3mm.uexp" 505
"../../../Engine/Plugins/Animation/ControlRig/Content/Controls/ControlRig_Arrow2_solid.ubulk" 506
"../../../Engine/Plugins/Animation/ControlRig/Content/Controls/ControlRig_Arrow2_solid.uasset" 507
"../../../Engine/Plugins/Animation/ControlRig/Content/Controls/ControlRig_Arrow2_solid.uexp" 508
"../../../Engine/Plugins/Animation/ControlRig/Content/Controls/ControlRig_Arrow4_1mm.ubulk" 509
"../../../Engine/Plugins/Animation/ControlRig/Content/Controls/ControlRig_Arrow4_1mm.uasset" 510
"../../../Engine/Plugins/Animation/ControlRig/Content/Controls/ControlRig_Arrow4_1mm.uexp" 511
"../../../Engine/Plugins/Animation/ControlRig/Content/Controls/ControlRig_Arrow4_3mm.ubulk" 512
"../../../Engine/Plugins/Animation/ControlRig/Content/Controls/ControlRig_Arrow4_3mm.uasset" 513
"../../../Engine/Plugins/Animation/ControlRig/Content/Controls/ControlRig_Arrow4_3mm.uexp" 514
"../../../Engine/Plugins/Animation/ControlRig/Content/Controls/ControlRig_Arrow4_solid.ubulk" 515
"../../../Engine/Plugins/Animation/ControlRig/Content/Controls/ControlRig_Arrow4_solid.uasset" 516
"../../../Engine/Plugins/Animation/ControlRig/Content/Controls/ControlRig_Arrow4_solid.uexp" 517
"../../../Engine/Content/Functions/Engine_MaterialFunctions02/Utility/VectorLength.uasset" 518
"../../../Engine/Content/Functions/Engine_MaterialFunctions02/Utility/VectorLength.uexp" 519
"../../../Engine/Plugins/Experimental/MeshModelingToolsetExp/Content/Materials/GetDisplacementVectorForDepthBias.uasset" 520
"../../../Engine/Plugins/Experimental/MeshModelingToolsetExp/Content/Materials/GetDisplacementVectorForDepthBias.uexp" 521
"../../../Engine/Content/Functions/Engine_MaterialFunctions03/Viewport/MF_OrthoWidth.uasset" 522
"../../../Engine/Content/Functions/Engine_MaterialFunctions03/Viewport/MF_OrthoWidth.uexp" 523
"../../../Engine/Content/Functions/Engine_MaterialFunctions02/Utility/FOV.uasset" 524
"../../../Engine/Content/Functions/Engine_MaterialFunctions02/Utility/FOV.uexp" 525
"../../../Engine/Content/Functions/Engine_MaterialFunctions02/WorldPositionOffset/V2/ObjectScale.uasset" 526
"../../../Engine/Content/Functions/Engine_MaterialFunctions02/WorldPositionOffset/V2/ObjectScale.uexp" 527
"../../../Engine/Plugins/Experimental/MeshModelingToolsetExp/Content/Materials/PointSetOverlaidComponentMaterial.uasset" 528
"../../../Engine/Plugins/Experimental/MeshModelingToolsetExp/Content/Materials/PointSetOverlaidComponentMaterial.uexp" 529
"../../../Engine/Plugins/Animation/ControlRig/Content/Controls/ControlRig_Arrow_1mm.ubulk" 530
"../../../Engine/Plugins/Animation/ControlRig/Content/Controls/ControlRig_Arrow_1mm.uasset" 531
"../../../Engine/Plugins/Animation/ControlRig/Content/Controls/ControlRig_Arrow_1mm.uexp" 532
"../../../Engine/Plugins/Animation/ControlRig/Content/Controls/ControlRig_Arrow_3mm.ubulk" 533
"../../../Engine/Plugins/Animation/ControlRig/Content/Controls/ControlRig_Arrow_3mm.uasset" 534
"../../../Engine/Plugins/Animation/ControlRig/Content/Controls/ControlRig_Arrow_3mm.uexp" 535
"../../../Engine/Plugins/Animation/ControlRig/Content/Controls/ControlRig_Arrow_solid.ubulk" 536
"../../../Engine/Plugins/Animation/ControlRig/Content/Controls/ControlRig_Arrow_solid.uasset" 537
"../../../Engine/Plugins/Animation/ControlRig/Content/Controls/ControlRig_Arrow_solid.uexp" 538
"../../../Engine/Plugins/Animation/ControlRig/Content/Controls/ControlRig_Box_1mm.ubulk" 539
"../../../Engine/Plugins/Animation/ControlRig/Content/Controls/ControlRig_Box_1mm.uasset" 540
"../../../Engine/Plugins/Animation/ControlRig/Content/Controls/ControlRig_Box_1mm.uexp" 541
"../../../Engine/Plugins/Animation/ControlRig/Content/Controls/ControlRig_Box_3mm.ubulk" 542
"../../../Engine/Plugins/Animation/ControlRig/Content/Controls/ControlRig_Box_3mm.uasset" 543
"../../../Engine/Plugins/Animation/ControlRig/Content/Controls/ControlRig_Box_3mm.uexp" 544
"../../../Engine/Plugins/Animation/ControlRig/Content/Controls/ControlRig_Box_solid.ubulk" 545
"../../../Engine/Plugins/Animation/ControlRig/Content/Controls/ControlRig_Box_solid.uasset" 546
"../../../Engine/Plugins/Animation/ControlRig/Content/Controls/ControlRig_Box_solid.uexp" 547
"../../../Engine/Plugins/Animation/ControlRig/Content/Controls/ControlRig_Circle_1mm.ubulk" 548
"../../../Engine/Plugins/Animation/ControlRig/Content/Controls/ControlRig_Circle_1mm.uasset" 549
"../../../Engine/Plugins/Animation/ControlRig/Content/Controls/ControlRig_Circle_1mm.uexp" 550
"../../../Engine/Plugins/Animation/ControlRig/Content/Controls/ControlRig_Circle_3mm.ubulk" 551
"../../../Engine/Plugins/Animation/ControlRig/Content/Controls/ControlRig_Circle_3mm.uasset" 552
"../../../Engine/Plugins/Animation/ControlRig/Content/Controls/ControlRig_Circle_3mm.uexp" 553
"../../../Engine/Plugins/Animation/ControlRig/Content/Controls/ControlRig_Circle_solid.ubulk" 554
"../../../Engine/Plugins/Animation/ControlRig/Content/Controls/ControlRig_Circle_solid.uasset" 555
"../../../Engine/Plugins/Animation/ControlRig/Content/Controls/ControlRig_Circle_solid.uexp" 556
"../../../Engine/Plugins/Animation/ControlRig/Content/Controls/ControlRig_Diamond_1mm.ubulk" 557
"../../../Engine/Plugins/Animation/ControlRig/Content/Controls/ControlRig_Diamond_1mm.uasset" 558
"../../../Engine/Plugins/Animation/ControlRig/Content/Controls/ControlRig_Diamond_1mm.uexp" 559
"../../../Engine/Plugins/Animation/ControlRig/Content/Controls/ControlRig_Diamond_3mm.ubulk" 560
"../../../Engine/Plugins/Animation/ControlRig/Content/Controls/ControlRig_Diamond_3mm.uasset" 561
"../../../Engine/Plugins/Animation/ControlRig/Content/Controls/ControlRig_Diamond_3mm.uexp" 562
"../../../Engine/Plugins/Animation/ControlRig/Content/Controls/ControlRig_Diamond_solid.ubulk" 563
"../../../Engine/Plugins/Animation/ControlRig/Content/Controls/ControlRig_Diamond_solid.uasset" 564
"../../../Engine/Plugins/Animation/ControlRig/Content/Controls/ControlRig_Diamond_solid.uexp" 565
"../../../Engine/Plugins/Animation/ControlRig/Content/Controls/ControlRig_HalfCircle_1mm.ubulk" 566
"../../../Engine/Plugins/Animation/ControlRig/Content/Controls/ControlRig_HalfCircle_1mm.uasset" 567
"../../../Engine/Plugins/Animation/ControlRig/Content/Controls/ControlRig_HalfCircle_1mm.uexp" 568
"../../../Engine/Plugins/Animation/ControlRig/Content/Controls/ControlRig_HalfCircle_3mm.ubulk" 569
"../../../Engine/Plugins/Animation/ControlRig/Content/Controls/ControlRig_HalfCircle_3mm.uasset" 570
"../../../Engine/Plugins/Animation/ControlRig/Content/Controls/ControlRig_HalfCircle_3mm.uexp" 571
"../../../Engine/Plugins/Animation/ControlRig/Content/Controls/ControlRig_HalfCircle_solid.ubulk" 572
"../../../Engine/Plugins/Animation/ControlRig/Content/Controls/ControlRig_HalfCircle_solid.uasset" 573
"../../../Engine/Plugins/Animation/ControlRig/Content/Controls/ControlRig_HalfCircle_solid.uexp" 574
"../../../Engine/Plugins/Animation/ControlRig/Content/Controls/ControlRig_Hexagon_1mm.ubulk" 575
"../../../Engine/Plugins/Animation/ControlRig/Content/Controls/ControlRig_Hexagon_1mm.uasset" 576
"../../../Engine/Plugins/Animation/ControlRig/Content/Controls/ControlRig_Hexagon_1mm.uexp" 577
"../../../Engine/Content/Functions/Engine_MaterialFunctions02/WorldPositionOffset/ObjectScale.uasset" 578
"../../../Engine/Content/Functions/Engine_MaterialFunctions02/WorldPositionOffset/ObjectScale.uexp" 579
"../../../Engine/Plugins/Editor/SpeedTreeImporter/Content/SpeedTree9/Empty.uasset" 580
"../../../Engine/Plugins/Editor/SpeedTreeImporter/Content/SpeedTree9/Empty.uexp" 581
"../../../Engine/Plugins/Editor/SpeedTreeImporter/Content/SpeedTree9/EmptyNormal.uasset" 582
"../../../Engine/Plugins/Editor/SpeedTreeImporter/Content/SpeedTree9/EmptyNormal.uexp" 583
"../../../Engine/Plugins/Editor/SpeedTreeImporter/Content/SpeedTree9/game_wind_noise.ubulk" 584
"../../../Engine/Plugins/Editor/SpeedTreeImporter/Content/SpeedTree9/game_wind_noise.uasset" 585
"../../../Engine/Plugins/Editor/SpeedTreeImporter/Content/SpeedTree9/game_wind_noise.uexp" 586
"../../../Engine/Plugins/Editor/SpeedTreeImporter/Content/SpeedTree9/SpeedTreeBillboard.uasset" 587
"../../../Engine/Plugins/Editor/SpeedTreeImporter/Content/SpeedTree9/SpeedTreeBillboard.uexp" 588
"../../../Engine/Content/Functions/Engine_MaterialFunctions02/SafeNormalize.uasset" 589
"../../../Engine/Content/Functions/Engine_MaterialFunctions02/SafeNormalize.uexp" 590
"../../../Engine/Plugins/Editor/SpeedTreeImporter/Content/SpeedTree9/SpeedTreeWindMotion.uasset" 591
"../../../Engine/Plugins/Editor/SpeedTreeImporter/Content/SpeedTree9/SpeedTreeWindMotion.uexp" 592
"../../../Engine/Plugins/Editor/SpeedTreeImporter/Content/SpeedTree9/UnpackDirection.uasset" 593
"../../../Engine/Plugins/Editor/SpeedTreeImporter/Content/SpeedTree9/UnpackDirection.uexp" 594
"../../../Engine/Plugins/Editor/SpeedTreeImporter/Content/SpeedTree9/UnpackInteger3.uasset" 595
"../../../Engine/Plugins/Editor/SpeedTreeImporter/Content/SpeedTree9/UnpackInteger3.uexp" 596
"../../../Engine/Plugins/Editor/SpeedTreeImporter/Content/SpeedTree9/SpeedTreeBranchMotion.uasset" 597
"../../../Engine/Plugins/Editor/SpeedTreeImporter/Content/SpeedTree9/SpeedTreeBranchMotion.uexp" 598
"../../../Engine/Content/Functions/Engine_MaterialFunctions02/ObjectLocalBounds.uasset" 599
"../../../Engine/Content/Functions/Engine_MaterialFunctions02/ObjectLocalBounds.uexp" 600
"../../../Engine/Content/Functions/Engine_MaterialFunctions02/UVs/BoundingBoxBased_0-1_UVW.uasset" 601
"../../../Engine/Content/Functions/Engine_MaterialFunctions02/UVs/BoundingBoxBased_0-1_UVW.uexp" 602
"../../../Engine/Plugins/Editor/SpeedTreeImporter/Content/SpeedTree9/SpeedTreeWind.uasset" 603
"../../../Engine/Plugins/Editor/SpeedTreeImporter/Content/SpeedTree9/SpeedTreeWind.uexp" 604
"../../../Engine/Plugins/Editor/SpeedTreeImporter/Content/SpeedTree9/SpeedTreeBillboardMaster.uasset" 605
"../../../Engine/Plugins/Editor/SpeedTreeImporter/Content/SpeedTree9/SpeedTreeBillboardMaster.uexp" 606
"../../../Engine/Plugins/Interchange/Assets/Content/Functions/MX_ConductorBSDF.uasset" 607
"../../../Engine/Plugins/Interchange/Assets/Content/Functions/MX_ConductorBSDF.uexp" 608
"../../../Engine/Plugins/Editor/SpeedTreeImporter/Content/SpeedTree9/SpeedTreeCameraFacing.uasset" 609
"../../../Engine/Plugins/Editor/SpeedTreeImporter/Content/SpeedTree9/SpeedTreeCameraFacing.uexp" 610
"../../../Engine/Plugins/Editor/SpeedTreeImporter/Content/SpeedTree9/SpeedTreeMaster.uasset" 611
"../../../Engine/Plugins/Editor/SpeedTreeImporter/Content/SpeedTree9/SpeedTreeMaster.uexp" 612
"../../../Engine/Plugins/Interchange/Assets/Content/Functions/MX_ConicalEDF.uasset" 613
"../../../Engine/Plugins/Interchange/Assets/Content/Functions/MX_ConicalEDF.uexp" 614
"../../../Engine/Content/EngineMaterials/MiniFont.uasset" 615
"../../../Engine/Content/EngineMaterials/MiniFont.uexp" 616
"../../../Engine/Content/EngineMaterials/InvalidLightmapSettings.ubulk" 617
"../../../Engine/Content/EngineMaterials/InvalidLightmapSettings.uasset" 618
"../../../Engine/Content/EngineMaterials/InvalidLightmapSettings.uexp" 619
"../../../Engine/Content/EngineMaterials/M_InvalidLightmapSettings.uasset" 620
"../../../Engine/Content/EngineMaterials/M_InvalidLightmapSettings.uexp" 621
"../../../Engine/Content/EngineMaterials/NaniteHiddenSectionMaterial.uasset" 622
"../../../Engine/Content/EngineMaterials/NaniteHiddenSectionMaterial.uexp" 623
"../../../Engine/Plugins/Interchange/Assets/Content/Functions/MX_DielectricBSDF.uasset" 624
"../../../Engine/Plugins/Interchange/Assets/Content/Functions/MX_DielectricBSDF.uexp" 625
"../../../Engine/Plugins/Interchange/Assets/Content/Functions/MX_Displacement.uasset" 626
"../../../Engine/Plugins/Interchange/Assets/Content/Functions/MX_Displacement.uexp" 627
"../../../Engine/Plugins/Interchange/Assets/Content/Functions/MX_GeneralizedSchlickBSDF.uasset" 628
"../../../Engine/Plugins/Interchange/Assets/Content/Functions/MX_GeneralizedSchlickBSDF.uexp" 629
"../../../Engine/Plugins/Interchange/Assets/Content/Functions/MX_MeasuredEDF.uasset" 630
"../../../Engine/Plugins/Interchange/Assets/Content/Functions/MX_MeasuredEDF.uexp" 631
"../../../Engine/Plugins/Interchange/Assets/Content/Functions/MF_IridescenceNoLUT.uasset" 632
"../../../Engine/Plugins/Interchange/Assets/Content/Functions/MF_IridescenceNoLUT.uexp" 633
"../../../Engine/Plugins/Interchange/Assets/Content/Functions/MX_StandardSurface.uasset" 634
"../../../Engine/Plugins/Interchange/Assets/Content/Functions/MX_StandardSurface.uexp" 635
"../../../Engine/Plugins/Interchange/Assets/Content/Functions/MX_OpenPBR_Opaque.uasset" 636
"../../../Engine/Plugins/Interchange/Assets/Content/Functions/MX_OpenPBR_Opaque.uexp" 637
"../../../Engine/Plugins/Interchange/Assets/Content/Functions/MX_TransmissionSurface.uasset" 638
"../../../Engine/Plugins/Interchange/Assets/Content/Functions/MX_TransmissionSurface.uexp" 639
"../../../Engine/Plugins/Interchange/Assets/Content/Functions/MX_OpenPBR_Translucent.uasset" 640
"../../../Engine/Plugins/Interchange/Assets/Content/Functions/MX_OpenPBR_Translucent.uexp" 641
"../../../Engine/Plugins/Runtime/AudioWidgets/Content/Resources/ScrubHandleDown_Clamped.uasset" 642
"../../../Engine/Plugins/Runtime/AudioWidgets/Content/Resources/ScrubHandleDown_Clamped.uexp" 643
"../../../Engine/Plugins/Interchange/Assets/Content/Functions/MX_OrenNayarBSDF.uasset" 644
"../../../Engine/Plugins/Interchange/Assets/Content/Functions/MX_OrenNayarBSDF.uexp" 645
"../../../Engine/Plugins/Interchange/Assets/Content/Functions/MX_SheenBSDF.uasset" 646
"../../../Engine/Plugins/Interchange/Assets/Content/Functions/MX_SheenBSDF.uexp" 647
"../../../Engine/Plugins/Interchange/Assets/Content/Functions/MX_SubsurfaceBSDF.uasset" 648
"../../../Engine/Plugins/Interchange/Assets/Content/Functions/MX_SubsurfaceBSDF.uexp" 649
"../../../Engine/Plugins/Interchange/Assets/Content/Functions/MX_Surface.uasset" 650
"../../../Engine/Plugins/Interchange/Assets/Content/Functions/MX_Surface.uexp" 651
"../../../Engine/Plugins/Interchange/Assets/Content/Functions/MX_SurfaceUnlit.uasset" 652
"../../../Engine/Plugins/Interchange/Assets/Content/Functions/MX_SurfaceUnlit.uexp" 653
"../../../Engine/Plugins/Interchange/Assets/Content/Functions/MX_TranslucentBSDF.uasset" 654
"../../../Engine/Plugins/Interchange/Assets/Content/Functions/MX_TranslucentBSDF.uexp" 655
"../../../Engine/Plugins/Interchange/Assets/Content/Substrate/MX_SimpleVolume.uasset" 656
"../../../Engine/Plugins/Interchange/Assets/Content/Substrate/MX_SimpleVolume.uexp" 657
"../../../Engine/Content/EditorMaterials/Camera/CineMat.uasset" 658
"../../../Engine/Content/EditorMaterials/Camera/CineMat.uexp" 659
"../../../Engine/Content/EditorMaterials/Camera/MI_CineMat_Rig.uasset" 660
"../../../Engine/Content/EditorMaterials/Camera/MI_CineMat_Rig.uexp" 661
"../../../Engine/Content/EditorMeshes/Camera/SM_CraneRig_Base.ubulk" 662
"../../../Engine/Content/EditorMeshes/Camera/SM_CraneRig_Base.uasset" 663
"../../../Engine/Content/EditorMeshes/Camera/SM_CraneRig_Base.uexp" 664
"../../../Engine/Content/EditorMeshes/Camera/SM_CraneRig_Body.ubulk" 665
"../../../Engine/Content/EditorMeshes/Camera/SM_CraneRig_Body.uasset" 666
"../../../Engine/Content/EditorMeshes/Camera/SM_CraneRig_Body.uexp" 667
"../../../Engine/Content/EditorMeshes/Camera/SM_CraneRig_Mount.ubulk" 668
"../../../Engine/Content/EditorMeshes/Camera/SM_CraneRig_Mount.uasset" 669
"../../../Engine/Content/EditorMeshes/Camera/SM_CraneRig_Mount.uexp" 670
"../../../Engine/Plugins/Interchange/Assets/Content/Functions/MX_UniformEDF.uasset" 671
"../../../Engine/Plugins/Interchange/Assets/Content/Functions/MX_UniformEDF.uexp" 672
"../../../Engine/Plugins/Interchange/Assets/Content/Functions/MX_UsdPreviewSurface.uasset" 673
"../../../Engine/Plugins/Interchange/Assets/Content/Functions/MX_UsdPreviewSurface.uexp" 674
"../../../Engine/Content/EditorMeshes/Camera/SM_RailRig_Mount.ubulk" 675
"../../../Engine/Content/EditorMeshes/Camera/SM_RailRig_Mount.uasset" 676
"../../../Engine/Content/EditorMeshes/Camera/SM_RailRig_Mount.uexp" 677
"../../../Engine/Content/EditorResources/SequenceRecorder/RecordingIndicator.uasset" 678
"../../../Engine/Content/EditorResources/SequenceRecorder/RecordingIndicator.uexp" 679
"../../../Engine/Content/EditorMeshes/Camera/SM_RailRig_Track.ubulk" 680
"../../../Engine/Content/EditorMeshes/Camera/SM_RailRig_Track.uasset" 681
"../../../Engine/Content/EditorMeshes/Camera/SM_RailRig_Track.uexp" 682
"../../../Engine/Content/EditorMaterials/ParticleSystems/PSysThumbnail_NoImage.ubulk" 683
"../../../Engine/Content/EditorMaterials/ParticleSystems/PSysThumbnail_NoImage.uasset" 684
"../../../Engine/Content/EditorMaterials/ParticleSystems/PSysThumbnail_NoImage.uexp" 685
"../../../Engine/Content/EditorMaterials/ParticleSystems/PSysThumbnail_OOD.ubulk" 686
"../../../Engine/Content/EditorMaterials/ParticleSystems/PSysThumbnail_OOD.uasset" 687
"../../../Engine/Content/EditorMaterials/ParticleSystems/PSysThumbnail_OOD.uexp" 688
"../../../Engine/Content/EngineMaterials/EnergyConservation/Diffuse_Energy.uasset" 689
"../../../Engine/Content/EngineMaterials/EnergyConservation/Diffuse_Energy.uexp" 690
"../../../Engine/Content/EngineMaterials/EnergyConservation/GGX_ReflectionEnergy.uasset" 691
"../../../Engine/Content/EngineMaterials/EnergyConservation/GGX_ReflectionEnergy.uexp" 692
"../../../Engine/Content/EngineMaterials/EnergyConservation/GGX_TransmissionEnergyArray.uasset" 693
"../../../Engine/Content/EngineMaterials/EnergyConservation/GGX_TransmissionEnergyArray.uexp" 694
"../../../Engine/Content/EngineMaterials/EnergyConservation/SheenLegacy_Energy.uasset" 695
"../../../Engine/Content/EngineMaterials/EnergyConservation/SheenLegacy_Energy.uexp" 696
"../../../Engine/Content/EngineMaterials/EnergyConservation/Sheen_Energy.uasset" 697
"../../../Engine/Content/EngineMaterials/EnergyConservation/Sheen_Energy.uexp" 698
"../../../Engine/Content/EngineMaterials/LTC/GGX_LTCAmp.uasset" 699
"../../../Engine/Content/EngineMaterials/LTC/GGX_LTCAmp.uexp" 700
"../../../Engine/Content/EngineMaterials/LTC/GGX_LTCMat.uasset" 701
"../../../Engine/Content/EngineMaterials/LTC/GGX_LTCMat.uexp" 702
"../../../Engine/Plugins/Interchange/Assets/Content/Functions/MX_AbsorptionVDF.uasset" 703
"../../../Engine/Plugins/Interchange/Assets/Content/Functions/MX_AbsorptionVDF.uexp" 704
"../../../Engine/Content/EngineMaterials/LTC/Sheen_LTC.uasset" 705
"../../../Engine/Content/EngineMaterials/LTC/Sheen_LTC.uexp" 706
"../../../Engine/Plugins/Interchange/Assets/Content/Functions/MX_AnisotropicVDF.uasset" 707
"../../../Engine/Plugins/Interchange/Assets/Content/Functions/MX_AnisotropicVDF.uexp" 708
"../../../Engine/Plugins/Interchange/Assets/Content/Functions/MX_BurleyDiffuseBSDF.uasset" 709
"../../../Engine/Plugins/Interchange/Assets/Content/Functions/MX_BurleyDiffuseBSDF.uexp" 710
"../../../Engine/Plugins/Interchange/Assets/Content/Functions/MX_ChiangHairBSDF.uasset" 711
"../../../Engine/Plugins/Interchange/Assets/Content/Functions/MX_ChiangHairBSDF.uexp" 712
"../../../Engine/Content/EngineResources/Development/ZenLogo_64.uasset" 713
"../../../Engine/Content/EngineResources/Development/ZenLogo_64.uexp" 714
"../../../Engine/Plugins/Runtime/HairStrands/Content/Materials/HairCardsDefaultMaterial.uasset" 715
"../../../Engine/Plugins/Runtime/HairStrands/Content/Materials/HairCardsDefaultMaterial.uexp" 716
"../../../Engine/Content/EngineResources/FilmGrains/Marcie_Grain_v3_128_M2_000.uasset" 717
"../../../Engine/Content/EngineResources/FilmGrains/Marcie_Grain_v3_128_M2_000.uexp" 718
"../../../Engine/Content/EditorMeshes/Camera/SM_CraneRig_Arm.ubulk" 719
"../../../Engine/Content/EditorMeshes/Camera/SM_CraneRig_Arm.uasset" 720
"../../../Engine/Content/EditorMeshes/Camera/SM_CraneRig_Arm.uexp" 721
"../../../Engine/Content/Functions/Engine_MaterialFunctions02/Utility/MakeFloat2.uasset" 722
"../../../Engine/Content/Functions/Engine_MaterialFunctions02/Utility/MakeFloat2.uexp" 723
"../../../Engine/Content/EngineMaterials/HairColorMap.uasset" 724
"../../../Engine/Content/EngineMaterials/HairColorMap.uexp" 725
"../../../Engine/Content/EngineMaterials/HairDebugColor.uasset" 726
"../../../Engine/Content/EngineMaterials/HairDebugColor.uexp" 727
"../../../Engine/Plugins/Runtime/HairStrands/Content/Materials/HairGroupColors.uasset" 728
"../../../Engine/Plugins/Runtime/HairStrands/Content/Materials/HairGroupColors.uexp" 729
"../../../Engine/Plugins/Runtime/HairStrands/Content/Materials/HairDebugMaterial.uasset" 730
"../../../Engine/Plugins/Runtime/HairStrands/Content/Materials/HairDebugMaterial.uexp" 731
"../../../Engine/Plugins/Runtime/HairStrands/Content/Materials/HairDefaultMaterial.uasset" 732
"../../../Engine/Plugins/Runtime/HairStrands/Content/Materials/HairDefaultMaterial.uexp" 733
"../../../Engine/Plugins/Animation/DeformerGraph/Content/DeformerFunctions/DG_Function_LinearBlendSkin_Morph_Cloth.uasset" 734
"../../../Engine/Plugins/Animation/DeformerGraph/Content/DeformerFunctions/DG_Function_LinearBlendSkin_Morph_Cloth.uexp" 735
"../../../Engine/Plugins/Animation/DeformerGraph/Content/Deformers/DG_LinearBlendSkin_Morph_Cloth.uasset" 736
"../../../Engine/Plugins/Animation/DeformerGraph/Content/Deformers/DG_LinearBlendSkin_Morph_Cloth.uexp" 737
"../../../Engine/Plugins/Runtime/HairStrands/Content/Materials/HairMeshesDefaultMaterial.uasset" 738
"../../../Engine/Plugins/Runtime/HairStrands/Content/Materials/HairMeshesDefaultMaterial.uexp" 739
"../../../Engine/Plugins/Animation/DeformerGraph/Content/DeformerFunctions/DG_Function_ComputeNormalsTangents.uasset" 740
"../../../Engine/Plugins/Animation/DeformerGraph/Content/DeformerFunctions/DG_Function_ComputeNormalsTangents.uexp" 741
"../../../Engine/Plugins/Animation/DeformerGraph/Content/DeformerFunctions/DG_Function_LinearBlendSkin_Morph_Cloth_PositionOnly.uasset" 742
"../../../Engine/Plugins/Animation/DeformerGraph/Content/DeformerFunctions/DG_Function_LinearBlendSkin_Morph_Cloth_PositionOnly.uexp" 743
"../../../Engine/Plugins/Animation/DeformerGraph/Content/Deformers/DG_LinearBlendSkin_Morph_Cloth_RecomputeNormals.uasset" 744
"../../../Engine/Plugins/Animation/DeformerGraph/Content/Deformers/DG_LinearBlendSkin_Morph_Cloth_RecomputeNormals.uexp" 745
"../../../Engine/Content/EditorMaterials/Dataflow/DataflowTwoSidedVertexMaterial.uasset" 746
"../../../Engine/Content/EditorMaterials/Dataflow/DataflowTwoSidedVertexMaterial.uexp" 747
"../../../Engine/Content/EditorMaterials/Dataflow/DataflowVertexMaterial.uasset" 748
"../../../Engine/Content/EditorMaterials/Dataflow/DataflowVertexMaterial.uexp" 749
"../../../Engine/Content/VREditor/TransformGizmo/BoundingBoxCorner.ubulk" 750
"../../../Engine/Content/VREditor/TransformGizmo/BoundingBoxCorner.uasset" 751
"../../../Engine/Content/VREditor/TransformGizmo/BoundingBoxCorner.uexp" 752
"../../../Engine/Content/VREditor/TransformGizmo/BoundingBoxEdge.ubulk" 753
"../../../Engine/Content/VREditor/TransformGizmo/BoundingBoxEdge.uasset" 754
"../../../Engine/Content/VREditor/TransformGizmo/BoundingBoxEdge.uexp" 755
"../../../Engine/Content/EditorResources/SequenceRecorder/Countdown.uasset" 756
"../../../Engine/Content/EditorResources/SequenceRecorder/Countdown.uexp" 757
"../../../Engine/Content/Functions/Engine_MaterialFunctions01/Texturing/FlattenNormal.uasset" 758
"../../../Engine/Content/Functions/Engine_MaterialFunctions01/Texturing/FlattenNormal.uexp" 759
"../../../Engine/Plugins/Interchange/Assets/Content/Utilities/New_LUT.uasset" 760
"../../../Engine/Plugins/Interchange/Assets/Content/Utilities/New_LUT.uexp" 761
"../../../Engine/Content/Functions/Engine_MaterialFunctions03/Math/RemapValueRange.uasset" 762
"../../../Engine/Content/Functions/Engine_MaterialFunctions03/Math/RemapValueRange.uexp" 763
"../../../Engine/Plugins/Interchange/Assets/Content/Functions/MF_Iridescence.uasset" 764
"../../../Engine/Plugins/Interchange/Assets/Content/Functions/MF_Iridescence.uexp" 765
"../../../Engine/Plugins/Interchange/Assets/Content/gltf/Textures/T_White_srgb.uasset" 766
"../../../Engine/Plugins/Interchange/Assets/Content/gltf/Textures/T_White_srgb.uexp" 767
"../../../Engine/Plugins/Interchange/Assets/Content/gltf/MaterialFunctions/MF_BaseColor.uasset" 768
"../../../Engine/Plugins/Interchange/Assets/Content/gltf/MaterialFunctions/MF_BaseColor.uexp" 769
"../../../Engine/Plugins/Interchange/Assets/Content/gltf/MaterialFunctions/MF_RotateNormals_TS.uasset" 770
"../../../Engine/Plugins/Interchange/Assets/Content/gltf/MaterialFunctions/MF_RotateNormals_TS.uexp" 771
"../../../Engine/Plugins/Interchange/Assets/Content/gltf/Textures/T_Generic_N.uasset" 772
"../../../Engine/Plugins/Interchange/Assets/Content/gltf/Textures/T_Generic_N.uexp" 773
"../../../Engine/Plugins/Interchange/Assets/Content/gltf/Textures/T_White_Linear.uasset" 774
"../../../Engine/Plugins/Interchange/Assets/Content/gltf/Textures/T_White_Linear.uexp" 775
"../../../Engine/Plugins/Interchange/Assets/Content/gltf/MaterialFunctions/MF_Clearcoat.uasset" 776
"../../../Engine/Plugins/Interchange/Assets/Content/gltf/MaterialFunctions/MF_Clearcoat.uexp" 777
"../../../Engine/Plugins/Interchange/Assets/Content/gltf/MaterialFunctions/MF_Emissive.uasset" 778
"../../../Engine/Plugins/Interchange/Assets/Content/gltf/MaterialFunctions/MF_Emissive.uexp" 779
"../../../Engine/Plugins/Interchange/Assets/Content/gltf/MaterialFunctions/MF_IOR.uasset" 780
"../../../Engine/Plugins/Interchange/Assets/Content/gltf/MaterialFunctions/MF_IOR.uexp" 781
"../../../Engine/Plugins/Interchange/Assets/Content/gltf/MaterialFunctions/MF_Iridescence.uasset" 782
"../../../Engine/Plugins/Interchange/Assets/Content/gltf/MaterialFunctions/MF_Iridescence.uexp" 783
"../../../Engine/Plugins/Interchange/Assets/Content/gltf/MaterialFunctions/MF_MetallicRoughness.uasset" 784
"../../../Engine/Plugins/Interchange/Assets/Content/gltf/MaterialFunctions/MF_MetallicRoughness.uexp" 785
"../../../Engine/Plugins/Interchange/Assets/Content/gltf/MaterialFunctions/MF_ScaleNormal.uasset" 786
"../../../Engine/Plugins/Interchange/Assets/Content/gltf/MaterialFunctions/MF_ScaleNormal.uexp" 787
"../../../Engine/Plugins/Interchange/Assets/Content/gltf/MaterialFunctions/MF_Normals.uasset" 788
"../../../Engine/Plugins/Interchange/Assets/Content/gltf/MaterialFunctions/MF_Normals.uexp" 789
"../../../Engine/Plugins/Interchange/Assets/Content/gltf/MaterialFunctions/MF_Occlusion.uasset" 790
"../../../Engine/Plugins/Interchange/Assets/Content/gltf/MaterialFunctions/MF_Occlusion.uexp" 791
"../../../Engine/Plugins/Interchange/Assets/Content/gltf/MaterialFunctions/MF_Specular.uasset" 792
"../../../Engine/Plugins/Interchange/Assets/Content/gltf/MaterialFunctions/MF_Specular.uexp" 793
"../../../Engine/Plugins/Interchange/Assets/Content/gltf/Textures/T_Anisotropy_Direction_Linear.uasset" 794
"../../../Engine/Plugins/Interchange/Assets/Content/gltf/Textures/T_Anisotropy_Direction_Linear.uexp" 795
"../../../Engine/Plugins/Interchange/Assets/Content/gltf/MaterialFunctions/MF_SpecularAnisotropy.uasset" 796
"../../../Engine/Plugins/Interchange/Assets/Content/gltf/MaterialFunctions/MF_SpecularAnisotropy.uexp" 797
"../../../Engine/Plugins/Interchange/Assets/Content/gltf/MaterialFunctions/MF_RotateV2.uasset" 798
"../../../Engine/Plugins/Interchange/Assets/Content/gltf/MaterialFunctions/MF_RotateV2.uexp" 799
"../../../Engine/Plugins/Interchange/Assets/Content/gltf/MaterialFunctions/MF_TransformUVs.uasset" 800
"../../../Engine/Plugins/Interchange/Assets/Content/gltf/MaterialFunctions/MF_TransformUVs.uexp" 801
"../../../Engine/Plugins/Interchange/Assets/Content/gltf/MaterialBodies/MF_ClearCoat_Body.uasset" 802
"../../../Engine/Plugins/Interchange/Assets/Content/gltf/MaterialBodies/MF_ClearCoat_Body.uexp" 803
"../../../Engine/Plugins/Interchange/Assets/Content/gltf/M_ClearCoat.uasset" 804
"../../../Engine/Plugins/Interchange/Assets/Content/gltf/M_ClearCoat.uexp" 805
"../../../Engine/Plugins/Interchange/Assets/Content/gltf/MaterialInstances/MI_ClearCoat_Blend.uasset" 806
"../../../Engine/Plugins/Interchange/Assets/Content/gltf/MaterialInstances/MI_ClearCoat_Blend.uexp" 807
"../../../Engine/Plugins/Interchange/Assets/Content/gltf/MaterialInstances/MI_ClearCoat_Blend_DS.uasset" 808
"../../../Engine/Plugins/Interchange/Assets/Content/gltf/MaterialInstances/MI_ClearCoat_Blend_DS.uexp" 809
"../../../Engine/Plugins/Interchange/Assets/Content/gltf/MaterialInstances/MI_ClearCoat_Mask.uasset" 810
"../../../Engine/Plugins/Interchange/Assets/Content/gltf/MaterialInstances/MI_ClearCoat_Mask.uexp" 811
"../../../Engine/Plugins/Interchange/Assets/Content/gltf/MaterialInstances/MI_ClearCoat_Mask_DS.uasset" 812
"../../../Engine/Plugins/Interchange/Assets/Content/gltf/MaterialInstances/MI_ClearCoat_Mask_DS.uexp" 813
"../../../Engine/Plugins/Interchange/Assets/Content/gltf/MaterialInstances/MI_ClearCoat_Opaque.uasset" 814
"../../../Engine/Plugins/Interchange/Assets/Content/gltf/MaterialInstances/MI_ClearCoat_Opaque.uexp" 815
"../../../Engine/Plugins/Interchange/Assets/Content/gltf/MaterialInstances/MI_ClearCoat_Opaque_DS.uasset" 816
"../../../Engine/Plugins/Interchange/Assets/Content/gltf/MaterialInstances/MI_ClearCoat_Opaque_DS.uexp" 817
"../../../Engine/Plugins/Interchange/Assets/Content/gltf/MaterialBodies/MF_Default_Body.uasset" 818
"../../../Engine/Plugins/Interchange/Assets/Content/gltf/MaterialBodies/MF_Default_Body.uexp" 819
"../../../Engine/Plugins/Interchange/Assets/Content/gltf/M_Default.uasset" 820
"../../../Engine/Plugins/Interchange/Assets/Content/gltf/M_Default.uexp" 821
"../../../Engine/Plugins/Interchange/Assets/Content/gltf/MaterialInstances/MI_Default_Blend.uasset" 822
"../../../Engine/Plugins/Interchange/Assets/Content/gltf/MaterialInstances/MI_Default_Blend.uexp" 823
"../../../Engine/Plugins/Interchange/Assets/Content/gltf/MaterialInstances/MI_Default_Blend_DS.uasset" 824
"../../../Engine/Plugins/Interchange/Assets/Content/gltf/MaterialInstances/MI_Default_Blend_DS.uexp" 825
"../../../Engine/Plugins/Interchange/Assets/Content/gltf/MaterialInstances/MI_Default_Mask.uasset" 826
"../../../Engine/Plugins/Interchange/Assets/Content/gltf/MaterialInstances/MI_Default_Mask.uexp" 827
"../../../Engine/Plugins/Interchange/Assets/Content/gltf/MaterialInstances/MI_Default_Mask_DS.uasset" 828
"../../../Engine/Plugins/Interchange/Assets/Content/gltf/MaterialInstances/MI_Default_Mask_DS.uexp" 829
"../../../Engine/Plugins/Interchange/Assets/Content/gltf/MaterialInstances/MI_Default_Opaque.uasset" 830
"../../../Engine/Plugins/Interchange/Assets/Content/gltf/MaterialInstances/MI_Default_Opaque.uexp" 831
"../../../Engine/Plugins/Interchange/Assets/Content/gltf/MaterialFunctions/MF_Sheen.uasset" 832
"../../../Engine/Plugins/Interchange/Assets/Content/gltf/MaterialFunctions/MF_Sheen.uexp" 833
"../../../Engine/Plugins/Interchange/Assets/Content/gltf/MaterialBodies/MF_Sheen_Body.uasset" 834
"../../../Engine/Plugins/Interchange/Assets/Content/gltf/MaterialBodies/MF_Sheen_Body.uexp" 835
"../../../Engine/Plugins/Interchange/Assets/Content/gltf/M_Sheen.uasset" 836
"../../../Engine/Plugins/Interchange/Assets/Content/gltf/M_Sheen.uexp" 837
"../../../Engine/Plugins/Interchange/Assets/Content/gltf/MaterialInstances/MI_Sheen_Blend.uasset" 838
"../../../Engine/Plugins/Interchange/Assets/Content/gltf/MaterialInstances/MI_Sheen_Blend.uexp" 839
"../../../Engine/Plugins/Interchange/Assets/Content/gltf/MaterialInstances/MI_Sheen_Blend_DS.uasset" 840
"../../../Engine/Plugins/Interchange/Assets/Content/gltf/MaterialInstances/MI_Sheen_Blend_DS.uexp" 841
"../../../Engine/Plugins/Interchange/Assets/Content/gltf/MaterialInstances/MI_Sheen_Mask.uasset" 842
"../../../Engine/Plugins/Interchange/Assets/Content/gltf/MaterialInstances/MI_Sheen_Mask.uexp" 843
"../../../Engine/Plugins/Interchange/Assets/Content/gltf/MaterialInstances/MI_Sheen_Mask_DS.uasset" 844
"../../../Engine/Plugins/Interchange/Assets/Content/gltf/MaterialInstances/MI_Sheen_Mask_DS.uexp" 845
"../../../Engine/Plugins/Interchange/Assets/Content/gltf/MaterialInstances/MI_Sheen_Opaque.uasset" 846
"../../../Engine/Plugins/Interchange/Assets/Content/gltf/MaterialInstances/MI_Sheen_Opaque.uexp" 847
"../../../Engine/Plugins/Interchange/Assets/Content/gltf/MaterialInstances/MI_Sheen_Opaque_DS.uasset" 848
"../../../Engine/Plugins/Interchange/Assets/Content/gltf/MaterialInstances/MI_Sheen_Opaque_DS.uexp" 849
"../../../Engine/Plugins/Interchange/Assets/Content/gltf/MaterialFunctions/MF_DiffuseSpecGloss.uasset" 850
"../../../Engine/Plugins/Interchange/Assets/Content/gltf/MaterialFunctions/MF_DiffuseSpecGloss.uexp" 851
"../../../Engine/Plugins/Interchange/Assets/Content/gltf/MaterialFunctions/MF_MaxComponentValue.uasset" 852
"../../../Engine/Plugins/Interchange/Assets/Content/gltf/MaterialFunctions/MF_MaxComponentValue.uexp" 853
"../../../Engine/Content/Functions/Engine_MaterialFunctions02/Math/AddComponents.uasset" 854
"../../../Engine/Content/Functions/Engine_MaterialFunctions02/Math/AddComponents.uexp" 855
"../../../Engine/Plugins/Interchange/Assets/Content/gltf/MaterialFunctions/MF_PerceivedBrightness.uasset" 856
"../../../Engine/Plugins/Interchange/Assets/Content/gltf/MaterialFunctions/MF_PerceivedBrightness.uexp" 857
"../../../Engine/Plugins/Interchange/Assets/Content/gltf/MaterialFunctions/MF_SpecGlossToMetalRoughness.uasset" 858
"../../../Engine/Plugins/Interchange/Assets/Content/gltf/MaterialFunctions/MF_SpecGlossToMetalRoughness.uexp" 859
"../../../Engine/Plugins/Interchange/Assets/Content/gltf/MaterialBodies/MF_SpecularGlossiness_Body.uasset" 860
"../../../Engine/Plugins/Interchange/Assets/Content/gltf/MaterialBodies/MF_SpecularGlossiness_Body.uexp" 861
"../../../Engine/Plugins/Interchange/Assets/Content/gltf/M_SpecularGlossiness.uasset" 862
"../../../Engine/Plugins/Interchange/Assets/Content/gltf/M_SpecularGlossiness.uexp" 863
"../../../Engine/Plugins/Interchange/Assets/Content/gltf/MaterialInstances/MI_SpecularGlossiness_Blend.uasset" 864
"../../../Engine/Plugins/Interchange/Assets/Content/gltf/MaterialInstances/MI_SpecularGlossiness_Blend.uexp" 865
"../../../Engine/Plugins/Interchange/Assets/Content/gltf/MaterialInstances/MI_SpecularGlossiness_Blend_DS.uasset" 866
"../../../Engine/Plugins/Interchange/Assets/Content/gltf/MaterialInstances/MI_SpecularGlossiness_Blend_DS.uexp" 867
"../../../Engine/Plugins/Interchange/Assets/Content/gltf/MaterialInstances/MI_SpecularGlossiness_Mask.uasset" 868
"../../../Engine/Plugins/Interchange/Assets/Content/gltf/MaterialInstances/MI_SpecularGlossiness_Mask.uexp" 869
"../../../Engine/Plugins/Interchange/Assets/Content/gltf/MaterialInstances/MI_SpecularGlossiness_Mask_DS.uasset" 870
"../../../Engine/Plugins/Interchange/Assets/Content/gltf/MaterialInstances/MI_SpecularGlossiness_Mask_DS.uexp" 871
"../../../Engine/Plugins/Interchange/Assets/Content/gltf/MaterialInstances/MI_SpecularGlossiness_Opaque.uasset" 872
"../../../Engine/Plugins/Interchange/Assets/Content/gltf/MaterialInstances/MI_SpecularGlossiness_Opaque.uexp" 873
"../../../Engine/Plugins/Interchange/Assets/Content/gltf/MaterialInstances/MI_SpecularGlossiness_Opaque_DS.uasset" 874
"../../../Engine/Plugins/Interchange/Assets/Content/gltf/MaterialInstances/MI_SpecularGlossiness_Opaque_DS.uexp" 875
"../../../Engine/Content/EngineMaterials/Good64x64TilingNoiseHighFreq.uasset" 876
"../../../Engine/Content/EngineMaterials/Good64x64TilingNoiseHighFreq.uexp" 877
"../../../Engine/Content/Functions/Engine_MaterialFunctions02/Texturing/ScreenAlignedPixelToPixelUVs.uasset" 878
"../../../Engine/Content/Functions/Engine_MaterialFunctions02/Texturing/ScreenAlignedPixelToPixelUVs.uexp" 879
"../../../Engine/Plugins/Interchange/Assets/Content/gltf/MaterialFunctions/MF_Fresnel_DS.uasset" 880
"../../../Engine/Plugins/Interchange/Assets/Content/gltf/MaterialFunctions/MF_Fresnel_DS.uexp" 881
"../../../Engine/Plugins/Interchange/Assets/Content/gltf/MaterialFunctions/MF_Temporal_Blur.uasset" 882
"../../../Engine/Plugins/Interchange/Assets/Content/gltf/MaterialFunctions/MF_Temporal_Blur.uexp" 883
"../../../Engine/Plugins/Interchange/Assets/Content/gltf/MaterialFunctions/MF_Transmission.uasset" 884
"../../../Engine/Plugins/Interchange/Assets/Content/gltf/MaterialFunctions/MF_Transmission.uexp" 885
"../../../Engine/Plugins/Interchange/Assets/Content/gltf/MaterialBodies/MF_Transmission_Body.uasset" 886
"../../../Engine/Plugins/Interchange/Assets/Content/gltf/MaterialBodies/MF_Transmission_Body.uexp" 887
"../../../Engine/Plugins/Interchange/Assets/Content/gltf/M_Transmission.uasset" 888
"../../../Engine/Plugins/Interchange/Assets/Content/gltf/M_Transmission.uexp" 889
"../../../Engine/Plugins/Interchange/Assets/Content/gltf/MaterialInstances/MI_Transmission.uasset" 890
"../../../Engine/Plugins/Interchange/Assets/Content/gltf/MaterialInstances/MI_Transmission.uexp" 891
"../../../Engine/Plugins/Interchange/Assets/Content/gltf/MaterialInstances/MI_Transmission_DS.uasset" 892
"../../../Engine/Plugins/Interchange/Assets/Content/gltf/MaterialInstances/MI_Transmission_DS.uexp" 893
"../../../Engine/Plugins/Interchange/Assets/Content/gltf/MaterialBodies/MF_Unlit_Body.uasset" 894
"../../../Engine/Plugins/Interchange/Assets/Content/gltf/MaterialBodies/MF_Unlit_Body.uexp" 895
"../../../Engine/Plugins/Interchange/Assets/Content/gltf/M_Unlit.uasset" 896
"../../../Engine/Plugins/Interchange/Assets/Content/gltf/M_Unlit.uexp" 897
"../../../Engine/Plugins/Interchange/Assets/Content/gltf/MaterialInstances/MI_Unlit_Blend.uasset" 898
"../../../Engine/Plugins/Interchange/Assets/Content/gltf/MaterialInstances/MI_Unlit_Blend.uexp" 899
"../../../Engine/Plugins/Interchange/Assets/Content/gltf/MaterialInstances/MI_Unlit_Blend_DS.uasset" 900
"../../../Engine/Plugins/Interchange/Assets/Content/gltf/MaterialInstances/MI_Unlit_Blend_DS.uexp" 901
"../../../Engine/Plugins/Interchange/Assets/Content/gltf/MaterialInstances/MI_Unlit_Mask.uasset" 902
"../../../Engine/Plugins/Interchange/Assets/Content/gltf/MaterialInstances/MI_Unlit_Mask.uexp" 903
"../../../Engine/Plugins/Interchange/Assets/Content/gltf/MaterialInstances/MI_Unlit_Mask_DS.uasset" 904
"../../../Engine/Plugins/Interchange/Assets/Content/gltf/MaterialInstances/MI_Unlit_Mask_DS.uexp" 905
"../../../Engine/Plugins/Interchange/Assets/Content/gltf/MaterialInstances/MI_Unlit_Opaque.uasset" 906
"../../../Engine/Plugins/Interchange/Assets/Content/gltf/MaterialInstances/MI_Unlit_Opaque.uexp" 907
"../../../Engine/Plugins/Interchange/Assets/Content/gltf/MaterialInstances/MI_Unlit_Opaque_DS.uasset" 908
"../../../Engine/Plugins/Interchange/Assets/Content/gltf/MaterialInstances/MI_Unlit_Opaque_DS.uexp" 909
"../../../Engine/Content/ArtTools/RenderToTexture/Meshes/S_1_Unit_Plane.ubulk" 910
"../../../Engine/Content/ArtTools/RenderToTexture/Meshes/S_1_Unit_Plane.uasset" 911
"../../../Engine/Content/ArtTools/RenderToTexture/Meshes/S_1_Unit_Plane.uexp" 912
"../../../Engine/Content/EngineResources/Black.uasset" 913
"../../../Engine/Content/EngineResources/Black.uexp" 914
"../../../Engine/Plugins/Runtime/OpenXR/Content/Devices/M_XRController.uasset" 915
"../../../Engine/Plugins/Runtime/OpenXR/Content/Devices/M_XRController.uexp" 916
"../../../Engine/Plugins/Runtime/OpenXR/Content/Devices/HTCVive/BaseTexture.ubulk" 917
"../../../Engine/Plugins/Runtime/OpenXR/Content/Devices/HTCVive/BaseTexture.uasset" 918
"../../../Engine/Plugins/Runtime/OpenXR/Content/Devices/HTCVive/BaseTexture.uexp" 919
"../../../Engine/Plugins/Runtime/OpenXR/Content/Devices/HTCVive/MI_HTCVive.uasset" 920
"../../../Engine/Plugins/Runtime/OpenXR/Content/Devices/HTCVive/MI_HTCVive.uexp" 921
"../../../Engine/Plugins/Runtime/OpenXR/Content/Devices/HTCVive/HTCViveController.ubulk" 922
"../../../Engine/Plugins/Runtime/OpenXR/Content/Devices/HTCVive/HTCViveController.uasset" 923
"../../../Engine/Plugins/Runtime/OpenXR/Content/Devices/HTCVive/HTCViveController.uexp" 924
"../../../Engine/Plugins/Runtime/OpenXR/Content/Devices/OculusGo/BaseTexture.ubulk" 925
"../../../Engine/Plugins/Runtime/OpenXR/Content/Devices/OculusGo/BaseTexture.uasset" 926
"../../../Engine/Plugins/Runtime/OpenXR/Content/Devices/OculusGo/BaseTexture.uexp" 927
"../../../Engine/Plugins/Runtime/OpenXR/Content/Devices/OculusGo/MI_OculusGo.uasset" 928
"../../../Engine/Plugins/Runtime/OpenXR/Content/Devices/OculusGo/MI_OculusGo.uexp" 929
"../../../Engine/Plugins/Runtime/OpenXR/Content/Devices/OculusGo/OculusGoController.ubulk" 930
"../../../Engine/Plugins/Runtime/OpenXR/Content/Devices/OculusGo/OculusGoController.uasset" 931
"../../../Engine/Plugins/Runtime/OpenXR/Content/Devices/OculusGo/OculusGoController.uexp" 932
"../../../Engine/Content/EngineMaterials/Substrate/GLints/AGlintTex2dArray.uasset" 933
"../../../Engine/Content/EngineMaterials/Substrate/GLints/AGlintTex2dArray.uexp" 934
"../../../Engine/Content/EngineMaterials/Substrate/Glints2/AGlintTex2dArray2.uasset" 935
"../../../Engine/Content/EngineMaterials/Substrate/Glints2/AGlintTex2dArray2.uexp" 936
"../../../Engine/Content/EngineMaterials/Substrate/Volume/SubstrateSimpleVolumeEnvLUT3D.uasset" 937
"../../../Engine/Content/EngineMaterials/Substrate/Volume/SubstrateSimpleVolumeEnvLUT3D.uexp" 938
"../../../Engine/Content/EngineMaterials/Substrate/Volume/SubstrateSimpleVolumeLUT3D.uasset" 939
"../../../Engine/Content/EngineMaterials/Substrate/Volume/SubstrateSimpleVolumeLUT3D.uexp" 940
"../../../Engine/Content/Functions/Engine_MaterialFunctions01/Shading/ConvertFromDiffSpec.uasset" 941
"../../../Engine/Content/Functions/Engine_MaterialFunctions01/Shading/ConvertFromDiffSpec.uexp" 942
"../../../Engine/Content/Functions/Engine_MaterialFunctions01/Shading/PowerToRoughness.uasset" 943
"../../../Engine/Content/Functions/Engine_MaterialFunctions01/Shading/PowerToRoughness.uexp" 944
"../../../Engine/Plugins/Runtime/OpenXR/Content/Devices/MicrosoftMixedReality/BaseTexture.ubulk" 945
"../../../Engine/Plugins/Runtime/OpenXR/Content/Devices/MicrosoftMixedReality/BaseTexture.uasset" 946
"../../../Engine/Plugins/Runtime/OpenXR/Content/Devices/MicrosoftMixedReality/BaseTexture.uexp" 947
"../../../Engine/Plugins/Runtime/OpenXR/Content/Devices/MicrosoftMixedReality/EmissiveTexture.ubulk" 948
"../../../Engine/Plugins/Runtime/OpenXR/Content/Devices/MicrosoftMixedReality/EmissiveTexture.uasset" 949
"../../../Engine/Plugins/Runtime/OpenXR/Content/Devices/MicrosoftMixedReality/EmissiveTexture.uexp" 950
"../../../Engine/Plugins/Runtime/OpenXR/Content/Devices/MicrosoftMixedReality/MRTexture.ubulk" 951
"../../../Engine/Plugins/Runtime/OpenXR/Content/Devices/MicrosoftMixedReality/MRTexture.uasset" 952
"../../../Engine/Plugins/Runtime/OpenXR/Content/Devices/MicrosoftMixedReality/MRTexture.uexp" 953
"../../../Engine/Plugins/Runtime/OpenXR/Content/Devices/MicrosoftMixedReality/NormalTexture.ubulk" 954
"../../../Engine/Plugins/Runtime/OpenXR/Content/Devices/MicrosoftMixedReality/NormalTexture.uasset" 955
"../../../Engine/Plugins/Runtime/OpenXR/Content/Devices/MicrosoftMixedReality/NormalTexture.uexp" 956
"../../../Engine/Plugins/Runtime/OpenXR/Content/Devices/MicrosoftMixedReality/MI_MicrosoftMixedReality.uasset" 957
"../../../Engine/Plugins/Runtime/OpenXR/Content/Devices/MicrosoftMixedReality/MI_MicrosoftMixedReality.uexp" 958
"../../../Engine/Plugins/Runtime/OpenXR/Content/Devices/MicrosoftMixedReality/Left/left_MicrosoftMixedRealityController.ubulk" 959
"../../../Engine/Plugins/Runtime/OpenXR/Content/Devices/MicrosoftMixedReality/Left/left_MicrosoftMixedRealityController.uasset" 960
"../../../Engine/Plugins/Runtime/OpenXR/Content/Devices/MicrosoftMixedReality/Left/left_MicrosoftMixedRealityController.uexp" 961
"../../../Engine/Plugins/Runtime/OpenXR/Content/Devices/MicrosoftMixedReality/Right/right_MicrosoftMixedRealityController.ubulk" 962
"../../../Engine/Plugins/Runtime/OpenXR/Content/Devices/MicrosoftMixedReality/Right/right_MicrosoftMixedRealityController.uasset" 963
"../../../Engine/Plugins/Runtime/OpenXR/Content/Devices/MicrosoftMixedReality/Right/right_MicrosoftMixedRealityController.uexp" 964
"../../../Engine/Plugins/Runtime/OpenXR/Content/Devices/OculusTouch/BaseTexture.ubulk" 965
"../../../Engine/Plugins/Runtime/OpenXR/Content/Devices/OculusTouch/BaseTexture.uasset" 966
"../../../Engine/Plugins/Runtime/OpenXR/Content/Devices/OculusTouch/BaseTexture.uexp" 967
"../../../Engine/Plugins/Runtime/OpenXR/Content/Devices/OculusTouch/MRTexture.ubulk" 968
"../../../Engine/Plugins/Runtime/OpenXR/Content/Devices/OculusTouch/MRTexture.uasset" 969
"../../../Engine/Plugins/Runtime/OpenXR/Content/Devices/OculusTouch/MRTexture.uexp" 970
"../../../Engine/Plugins/Runtime/OpenXR/Content/Devices/OculusTouch/MI_OculusTouch.uasset" 971
"../../../Engine/Plugins/Runtime/OpenXR/Content/Devices/OculusTouch/MI_OculusTouch.uexp" 972
"../../../Engine/Plugins/Runtime/OpenXR/Content/Devices/OculusTouch/Left/left_OculusTouchController.ubulk" 973
"../../../Engine/Plugins/Runtime/OpenXR/Content/Devices/OculusTouch/Left/left_OculusTouchController.uasset" 974
"../../../Engine/Plugins/Runtime/OpenXR/Content/Devices/OculusTouch/Left/left_OculusTouchController.uexp" 975
"../../../Engine/Plugins/Runtime/OpenXR/Content/Devices/OculusTouch/Right/right_OculusTouchController.ubulk" 976
"../../../Engine/Plugins/Runtime/OpenXR/Content/Devices/OculusTouch/Right/right_OculusTouchController.uasset" 977
"../../../Engine/Plugins/Runtime/OpenXR/Content/Devices/OculusTouch/Right/right_OculusTouchController.uexp" 978
"../../../Engine/Plugins/Runtime/OpenXR/Content/Devices/OculusTouch_v2/BaseTexture.ubulk" 979
"../../../Engine/Plugins/Runtime/OpenXR/Content/Devices/OculusTouch_v2/BaseTexture.uasset" 980
"../../../Engine/Plugins/Runtime/OpenXR/Content/Devices/OculusTouch_v2/BaseTexture.uexp" 981
"../../../Engine/Plugins/Runtime/OpenXR/Content/Devices/OculusTouch_v2/MRTexture.ubulk" 982
"../../../Engine/Plugins/Runtime/OpenXR/Content/Devices/OculusTouch_v2/MRTexture.uasset" 983
"../../../Engine/Plugins/Runtime/OpenXR/Content/Devices/OculusTouch_v2/MRTexture.uexp" 984
"../../../Engine/Plugins/Runtime/OpenXR/Content/Devices/OculusTouch_v2/MI_OculusTouch_v2.uasset" 985
"../../../Engine/Plugins/Runtime/OpenXR/Content/Devices/OculusTouch_v2/MI_OculusTouch_v2.uexp" 986
"../../../Engine/Plugins/Runtime/OpenXR/Content/Devices/OculusTouch_v2/Left/left_OculusTouch_v2Controller.ubulk" 987
"../../../Engine/Plugins/Runtime/OpenXR/Content/Devices/OculusTouch_v2/Left/left_OculusTouch_v2Controller.uasset" 988
"../../../Engine/Plugins/Runtime/OpenXR/Content/Devices/OculusTouch_v2/Left/left_OculusTouch_v2Controller.uexp" 989
"../../../Engine/Plugins/Runtime/OpenXR/Content/Devices/OculusTouch_v2/Right/right_OculusTouch_v2Controller.ubulk" 990
"../../../Engine/Plugins/Runtime/OpenXR/Content/Devices/OculusTouch_v2/Right/right_OculusTouch_v2Controller.uasset" 991
"../../../Engine/Plugins/Runtime/OpenXR/Content/Devices/OculusTouch_v2/Right/right_OculusTouch_v2Controller.uexp" 992
"../../../Engine/Plugins/Runtime/OpenXR/Content/Devices/OculusTouch_v3/BaseTexture.ubulk" 993
"../../../Engine/Plugins/Runtime/OpenXR/Content/Devices/OculusTouch_v3/BaseTexture.uasset" 994
"../../../Engine/Plugins/Runtime/OpenXR/Content/Devices/OculusTouch_v3/BaseTexture.uexp" 995
"../../../Engine/Plugins/Runtime/OpenXR/Content/Devices/OculusTouch_v3/MRTexture.ubulk" 996
"../../../Engine/Plugins/Runtime/OpenXR/Content/Devices/OculusTouch_v3/MRTexture.uasset" 997
"../../../Engine/Plugins/Runtime/OpenXR/Content/Devices/OculusTouch_v3/MRTexture.uexp" 998
"../../../Engine/Plugins/Runtime/OpenXR/Content/Devices/OculusTouch_v3/MI_OculusTouch_v3.uasset" 999
"../../../Engine/Plugins/Runtime/OpenXR/Content/Devices/OculusTouch_v3/MI_OculusTouch_v3.uexp" 1000
"../../../Engine/Plugins/Runtime/OpenXR/Content/Devices/OculusTouch_v3/Left/left_OculusTouch_v3Controller.ubulk" 1001
"../../../Engine/Plugins/Runtime/OpenXR/Content/Devices/OculusTouch_v3/Left/left_OculusTouch_v3Controller.uasset" 1002
"../../../Engine/Plugins/Runtime/OpenXR/Content/Devices/OculusTouch_v3/Left/left_OculusTouch_v3Controller.uexp" 1003
"../../../Engine/Plugins/Runtime/OpenXR/Content/Devices/OculusTouch_v3/Right/right_OculusTouch_v3Controller.ubulk" 1004
"../../../Engine/Plugins/Runtime/OpenXR/Content/Devices/OculusTouch_v3/Right/right_OculusTouch_v3Controller.uasset" 1005
"../../../Engine/Plugins/Runtime/OpenXR/Content/Devices/OculusTouch_v3/Right/right_OculusTouch_v3Controller.uexp" 1006
"../../../Engine/Plugins/Runtime/OpenXR/Content/Devices/ValveIndex/BaseTexture.ubulk" 1007
"../../../Engine/Plugins/Runtime/OpenXR/Content/Devices/ValveIndex/BaseTexture.uasset" 1008
"../../../Engine/Plugins/Runtime/OpenXR/Content/Devices/ValveIndex/BaseTexture.uexp" 1009
"../../../Engine/Plugins/Runtime/OpenXR/Content/Devices/ValveIndex/MRTexture.ubulk" 1010
"../../../Engine/Plugins/Runtime/OpenXR/Content/Devices/ValveIndex/MRTexture.uasset" 1011
"../../../Engine/Plugins/Runtime/OpenXR/Content/Devices/ValveIndex/MRTexture.uexp" 1012
"../../../Engine/Plugins/Runtime/OpenXR/Content/Devices/ValveIndex/Left/MI_left_ValveIndex.uasset" 1013
"../../../Engine/Plugins/Runtime/OpenXR/Content/Devices/ValveIndex/Left/MI_left_ValveIndex.uexp" 1014
"../../../Engine/Plugins/Runtime/OpenXR/Content/Devices/ValveIndex/Left/left_ValveIndexController.ubulk" 1015
"../../../Engine/Plugins/Runtime/OpenXR/Content/Devices/ValveIndex/Left/left_ValveIndexController.uasset" 1016
"../../../Engine/Plugins/Runtime/OpenXR/Content/Devices/ValveIndex/Left/left_ValveIndexController.uexp" 1017
"../../../Engine/Plugins/Runtime/OpenXR/Content/Devices/ValveIndex/Right/MI_right_ValveIndex.uasset" 1018
"../../../Engine/Plugins/Runtime/OpenXR/Content/Devices/ValveIndex/Right/MI_right_ValveIndex.uexp" 1019
"../../../Engine/Plugins/Runtime/OpenXR/Content/Devices/ValveIndex/Right/right_ValveIndexController.ubulk" 1020
"../../../Engine/Plugins/Runtime/OpenXR/Content/Devices/ValveIndex/Right/right_ValveIndexController.uasset" 1021
"../../../Engine/Plugins/Runtime/OpenXR/Content/Devices/ValveIndex/Right/right_ValveIndexController.uexp" 1022
"../../../Engine/Plugins/Interchange/Runtime/Content/Pipelines/DefaultAssetsPipeline.uasset" 1023
"../../../Engine/Plugins/Interchange/Runtime/Content/Pipelines/DefaultAssetsPipeline.uexp" 1024
"../../../Engine/Plugins/Interchange/Runtime/Content/Pipelines/DefaultAudioPipeline.uasset" 1025
"../../../Engine/Plugins/Interchange/Runtime/Content/Pipelines/DefaultAudioPipeline.uexp" 1026
"../../../Engine/Plugins/Interchange/Runtime/Content/Pipelines/DefaultGLTFAssetsPipeline.uasset" 1027
"../../../Engine/Plugins/Interchange/Runtime/Content/Pipelines/DefaultGLTFAssetsPipeline.uexp" 1028
"../../../Engine/Plugins/Interchange/Runtime/Content/Pipelines/DefaultGLTFPipeline.uasset" 1029
"../../../Engine/Plugins/Interchange/Runtime/Content/Pipelines/DefaultGLTFPipeline.uexp" 1030
"../../../Engine/Content/EngineMaterials/DefaultMaterial.uasset" 1031
"../../../Engine/Content/EngineMaterials/DefaultMaterial.uexp" 1032
"../../../Engine/Content/Maps/Entry_BuiltData.uasset" 1033
"../../../Engine/Content/Maps/Entry_BuiltData.uexp" 1034
"../../../Engine/Content/Maps/Entry.uexp" 1035
"../../../Engine/Content/Maps/Entry.umap" 1036
"../../../Engine/Content/BasicShapes/Sphere.ubulk" 1037
"../../../Engine/Content/BasicShapes/Sphere.uasset" 1038
"../../../Engine/Content/BasicShapes/Sphere.uexp" 1039
"../../../Engine/Content/BasicShapes/Cylinder.ubulk" 1040
"../../../Engine/Content/BasicShapes/Cylinder.uasset" 1041
"../../../Engine/Content/BasicShapes/Cylinder.uexp" 1042
"../../../Engine/Content/EditorBlueprintResources/StandardMacros.uasset" 1043
"../../../Engine/Content/EditorBlueprintResources/StandardMacros.uexp" 1044
"../../../Engine/Content/EngineSky/C_Sky_Cloud_Color.uasset" 1045
"../../../Engine/Content/EngineSky/C_Sky_Cloud_Color.uexp" 1046
"../../../Engine/Content/EngineSky/C_Sky_Horizon_Color.uasset" 1047
"../../../Engine/Content/EngineSky/C_Sky_Horizon_Color.uexp" 1048
"../../../Engine/Content/EngineSky/C_Sky_Zenith_Color.uasset" 1049
"../../../Engine/Content/EngineSky/C_Sky_Zenith_Color.uexp" 1050
"../../../Engine/Content/EngineSky/T_Sky_Blue.ubulk" 1051
"../../../Engine/Content/EngineSky/T_Sky_Blue.uasset" 1052
"../../../Engine/Content/EngineSky/T_Sky_Blue.uexp" 1053
"../../../Engine/Content/EngineSky/T_Sky_Clouds_M.ubulk" 1054
"../../../Engine/Content/EngineSky/T_Sky_Clouds_M.uasset" 1055
"../../../Engine/Content/EngineSky/T_Sky_Clouds_M.uexp" 1056
"../../../Engine/Content/EngineSky/T_Sky_Stars.ubulk" 1057
"../../../Engine/Content/EngineSky/T_Sky_Stars.uasset" 1058
"../../../Engine/Content/EngineSky/T_Sky_Stars.uexp" 1059
"../../../Engine/Content/EngineSky/M_Sky_Panning_Clouds2.uasset" 1060
"../../../Engine/Content/EngineSky/M_Sky_Panning_Clouds2.uexp" 1061
"../../../Engine/Content/EngineSky/SM_SkySphere.ubulk" 1062
"../../../Engine/Content/EngineSky/SM_SkySphere.uasset" 1063
"../../../Engine/Content/EngineSky/SM_SkySphere.uexp" 1064
"../../../Engine/Content/EngineSky/BP_Sky_Sphere.uasset" 1065
"../../../Engine/Content/EngineSky/BP_Sky_Sphere.uexp" 1066
"../../../Engine/Content/BasicShapes/BasicShapeMaterial.uasset" 1067
"../../../Engine/Content/BasicShapes/BasicShapeMaterial.uexp" 1068
"../../../Engine/Content/EditorMaterials/Cascade/CASC_ModuleDisable.uasset" 1069
"../../../Engine/Content/EditorMaterials/Cascade/CASC_ModuleDisable.uexp" 1070
"../../../Engine/Content/EditorMaterials/Cascade/CASC_ModuleDisable_MAT.uasset" 1071
"../../../Engine/Content/EditorMaterials/Cascade/CASC_ModuleDisable_MAT.uexp" 1072
"../../../Engine/Content/EditorResources/MatineeCam_D.uasset" 1073
"../../../Engine/Content/EditorResources/MatineeCam_D.uexp" 1074
"../../../Engine/Content/EditorMaterials/MatineeCam_mat.uasset" 1075
"../../../Engine/Content/EditorMaterials/MatineeCam_mat.uexp" 1076
"../../../Engine/Content/EditorMeshes/MatineeCam_SM.ubulk" 1077
"../../../Engine/Content/EditorMeshes/MatineeCam_SM.uasset" 1078
"../../../Engine/Content/EditorMeshes/MatineeCam_SM.uexp" 1079
"C:/Proyectos/VR_Test/VR_Test/Content/VRSpectator/EVRSpectatorMode.uasset" 1080
"C:/Proyectos/VR_Test/VR_Test/Content/VRSpectator/EVRSpectatorMode.uexp" 1081
"C:/Proyectos/VR_Test/VR_Test/Content/VRSpectator/RT_VRSpectator.uasset" 1082
"C:/Proyectos/VR_Test/VR_Test/Content/VRSpectator/RT_VRSpectator.uexp" 1083
"C:/Proyectos/VR_Test/VR_Test/Content/VRSpectator/Input/Actions/IA_VRSpectator_FadeInOut.uasset" 1084
"C:/Proyectos/VR_Test/VR_Test/Content/VRSpectator/Input/Actions/IA_VRSpectator_FadeInOut.uexp" 1085
"C:/Proyectos/VR_Test/VR_Test/Content/VRSpectator/Input/Actions/IA_VRSpectator_FOV.uasset" 1086
"C:/Proyectos/VR_Test/VR_Test/Content/VRSpectator/Input/Actions/IA_VRSpectator_FOV.uexp" 1087
"C:/Proyectos/VR_Test/VR_Test/Content/VRSpectator/Input/Actions/IA_VRSpectator_FOV_Reset.uasset" 1088
"C:/Proyectos/VR_Test/VR_Test/Content/VRSpectator/Input/Actions/IA_VRSpectator_FOV_Reset.uexp" 1089
"C:/Proyectos/VR_Test/VR_Test/Content/VRSpectator/Input/Actions/IA_VRSpectator_Look.uasset" 1090
"C:/Proyectos/VR_Test/VR_Test/Content/VRSpectator/Input/Actions/IA_VRSpectator_Look.uexp" 1091
"C:/Proyectos/VR_Test/VR_Test/Content/VRSpectator/Input/Actions/IA_VRSpectator_Move.uasset" 1092
"C:/Proyectos/VR_Test/VR_Test/Content/VRSpectator/Input/Actions/IA_VRSpectator_Move.uexp" 1093
"C:/Proyectos/VR_Test/VR_Test/Content/VRSpectator/Input/Actions/IA_VRSpectator_ResetRotation.uasset" 1094
"C:/Proyectos/VR_Test/VR_Test/Content/VRSpectator/Input/Actions/IA_VRSpectator_ResetRotation.uexp" 1095
"C:/Proyectos/VR_Test/VR_Test/Content/VRSpectator/Input/Actions/IA_VRSpectator_Toggle.uasset" 1096
"C:/Proyectos/VR_Test/VR_Test/Content/VRSpectator/Input/Actions/IA_VRSpectator_Toggle.uexp" 1097
"C:/Proyectos/VR_Test/VR_Test/Content/VRSpectator/Input/IMC_VRSpectator.uasset" 1098
"C:/Proyectos/VR_Test/VR_Test/Content/VRSpectator/Input/IMC_VRSpectator.uexp" 1099
"C:/Proyectos/VR_Test/VR_Test/Content/VRSpectator/VRSpectator.uasset" 1100
"C:/Proyectos/VR_Test/VR_Test/Content/VRSpectator/VRSpectator.uexp" 1101
"../../../Engine/Content/VREditor/Devices/Generic/GenericHMDMaterial.uasset" 1102
"../../../Engine/Content/VREditor/Devices/Generic/GenericHMDMaterial.uexp" 1103
"../../../Engine/Content/VREditor/Devices/Generic/GenericHMD.ubulk" 1104
"../../../Engine/Content/VREditor/Devices/Generic/GenericHMD.uasset" 1105
"../../../Engine/Content/VREditor/Devices/Generic/GenericHMD.uexp" 1106
"C:/Proyectos/VR_Test/VR_Test/Content/XRFramework/Input/Actions/IA_Shoot_Left.uasset" 1107
"C:/Proyectos/VR_Test/VR_Test/Content/XRFramework/Input/Actions/IA_Shoot_Left.uexp" 1108
"C:/Proyectos/VR_Test/VR_Test/Content/XRFramework/Input/IMC_Weapon_Left.uasset" 1109
"C:/Proyectos/VR_Test/VR_Test/Content/XRFramework/Input/IMC_Weapon_Left.uexp" 1110
"C:/Proyectos/VR_Test/VR_Test/Content/XRFramework/Input/Actions/IA_Shoot_Right.uasset" 1111
"C:/Proyectos/VR_Test/VR_Test/Content/XRFramework/Input/Actions/IA_Shoot_Right.uexp" 1112
"C:/Proyectos/VR_Test/VR_Test/Content/XRFramework/Input/IMC_Weapon_Right.uasset" 1113
"C:/Proyectos/VR_Test/VR_Test/Content/XRFramework/Input/IMC_Weapon_Right.uexp" 1114
"../../../Engine/Plugins/Interchange/Assets/Content/gltf/MaterialInstances/MI_Default_Opaque_DS.uasset" 1115
"../../../Engine/Plugins/Interchange/Assets/Content/gltf/MaterialInstances/MI_Default_Opaque_DS.uexp" 1116
"C:/Proyectos/VR_Test/VR_Test/Content/Fab/Power_Saber_1/power_saber_1/Materials/Dark_Metal.uasset" 1117
"C:/Proyectos/VR_Test/VR_Test/Content/Fab/Power_Saber_1/power_saber_1/Materials/Dark_Metal.uexp" 1118
"C:/Proyectos/VR_Test/VR_Test/Content/Fab/Power_Saber_1/power_saber_1/Materials/Gold.uasset" 1119
"C:/Proyectos/VR_Test/VR_Test/Content/Fab/Power_Saber_1/power_saber_1/Materials/Gold.uexp" 1120
"C:/Proyectos/VR_Test/VR_Test/Content/Fab/Power_Saber_1/power_saber_1/Materials/M_Blade.uasset" 1121
"C:/Proyectos/VR_Test/VR_Test/Content/Fab/Power_Saber_1/power_saber_1/Materials/M_Blade.uexp" 1122
"C:/Proyectos/VR_Test/VR_Test/Content/Fab/Power_Saber_1/power_saber_1/Materials/MI_Blade.uasset" 1123
"C:/Proyectos/VR_Test/VR_Test/Content/Fab/Power_Saber_1/power_saber_1/Materials/MI_Blade.uexp" 1124
"C:/Proyectos/VR_Test/VR_Test/Content/Fab/Power_Saber_1/power_saber_1/Materials/Rubber.uasset" 1125
"C:/Proyectos/VR_Test/VR_Test/Content/Fab/Power_Saber_1/power_saber_1/Materials/Rubber.uexp" 1126
"C:/Proyectos/VR_Test/VR_Test/Content/Fab/Power_Saber_1/power_saber_1/Materials/Silver.uasset" 1127
"C:/Proyectos/VR_Test/VR_Test/Content/Fab/Power_Saber_1/power_saber_1/Materials/Silver.uexp" 1128
"C:/Proyectos/VR_Test/VR_Test/Content/Fab/Power_Saber_1/power_saber_1/StaticMeshes/SM_Saber.ubulk" 1129
"C:/Proyectos/VR_Test/VR_Test/Content/Fab/Power_Saber_1/power_saber_1/StaticMeshes/SM_Saber.uasset" 1130
"C:/Proyectos/VR_Test/VR_Test/Content/Fab/Power_Saber_1/power_saber_1/StaticMeshes/SM_Saber.uexp" 1131
"C:/Proyectos/VR_Test/VR_Test/Content/XRFramework/Blueprints/BPI_PawnAnim.uasset" 1132
"C:/Proyectos/VR_Test/VR_Test/Content/XRFramework/Blueprints/BPI_PawnAnim.uexp" 1133
"C:/Proyectos/VR_Test/VR_Test/Content/XRFramework/Blueprints/BP_Saber.uasset" 1134
"C:/Proyectos/VR_Test/VR_Test/Content/XRFramework/Blueprints/BP_Saber.uexp" 1135
"C:/Proyectos/VR_Test/VR_Test/Content/XRFramework/Haptics/GrabHapticEffect.uasset" 1136
"C:/Proyectos/VR_Test/VR_Test/Content/XRFramework/Haptics/GrabHapticEffect.uexp" 1137
"C:/Proyectos/VR_Test/VR_Test/Content/XRFramework/Blueprints/E_GrabType.uasset" 1138
"C:/Proyectos/VR_Test/VR_Test/Content/XRFramework/Blueprints/E_GrabType.uexp" 1139
"C:/Proyectos/VR_Test/VR_Test/Content/XRFramework/Blueprints/BP_GrabComponent.uasset" 1140
"C:/Proyectos/VR_Test/VR_Test/Content/XRFramework/Blueprints/BP_GrabComponent.uexp" 1141
"../../../Engine/Content/EngineResources/AICON-Green.uasset" 1142
"../../../Engine/Content/EngineResources/AICON-Green.uexp" 1143
"C:/Proyectos/VR_Test/VR_Test/Content/ThirdPerson/Blueprints/WBP_MenuExample.uasset" 1144
"C:/Proyectos/VR_Test/VR_Test/Content/ThirdPerson/Blueprints/WBP_MenuExample.uexp" 1145
"C:/Proyectos/VR_Test/VR_Test/Content/ThirdPerson/Blueprints/BP_MenuExample.uasset" 1146
"C:/Proyectos/VR_Test/VR_Test/Content/ThirdPerson/Blueprints/BP_MenuExample.uexp" 1147
"../../../Engine/Content/Animation/DefaultAnimCurveCompressionSettings.uasset" 1148
"../../../Engine/Content/Animation/DefaultAnimCurveCompressionSettings.uexp" 1149
"../../../Engine/Content/Animation/DefaultRecorderBoneCompression.uasset" 1150
"../../../Engine/Content/Animation/DefaultRecorderBoneCompression.uexp" 1151
"../../../Engine/Content/Animation/DefaultVariableFrameStrippingSettings.uasset" 1152
"../../../Engine/Content/Animation/DefaultVariableFrameStrippingSettings.uexp" 1153
"C:/Proyectos/VR_Test/VR_Test/Content/XRMannequins/Meshes/SK_MannequinsXR.uasset" 1154
"C:/Proyectos/VR_Test/VR_Test/Content/XRMannequins/Meshes/SK_MannequinsXR.uexp" 1155
"C:/Proyectos/VR_Test/VR_Test/Content/XRMannequins/Animations/A_MannequinsXR_Grasp_Right.uasset" 1156
"C:/Proyectos/VR_Test/VR_Test/Content/XRMannequins/Animations/A_MannequinsXR_Grasp_Right.uexp" 1157
"C:/Proyectos/VR_Test/VR_Test/Content/XRMannequins/Animations/A_MannequinsXR_Idle_Right.uasset" 1158
"C:/Proyectos/VR_Test/VR_Test/Content/XRMannequins/Animations/A_MannequinsXR_Idle_Right.uexp" 1159
"C:/Proyectos/VR_Test/VR_Test/Content/XRMannequins/Animations/A_MannequinsXR_IndexCurl_Right.uasset" 1160
"C:/Proyectos/VR_Test/VR_Test/Content/XRMannequins/Animations/A_MannequinsXR_IndexCurl_Right.uexp" 1161
"C:/Proyectos/VR_Test/VR_Test/Content/XRMannequins/Animations/A_MannequinsXR_Point_Right.uasset" 1162
"C:/Proyectos/VR_Test/VR_Test/Content/XRMannequins/Animations/A_MannequinsXR_Point_Right.uexp" 1163
"C:/Proyectos/VR_Test/VR_Test/Content/XRMannequins/Animations/A_MannequinsXR_ThumbUp_Right.uasset" 1164
"C:/Proyectos/VR_Test/VR_Test/Content/XRMannequins/Animations/A_MannequinsXR_ThumbUp_Right.uexp" 1165
"C:/Proyectos/VR_Test/VR_Test/Content/XRMannequins/Animations/MDT_MannequinsXR.uasset" 1166
"C:/Proyectos/VR_Test/VR_Test/Content/XRMannequins/Animations/MDT_MannequinsXR.uexp" 1167
"C:/Proyectos/VR_Test/VR_Test/Content/XRMannequins/Meshes/ABP_MannequinsXR.uasset" 1168
"C:/Proyectos/VR_Test/VR_Test/Content/XRMannequins/Meshes/ABP_MannequinsXR.uexp" 1169
"C:/Proyectos/VR_Test/VR_Test/Content/XRMannequins/Textures/Manny/T_Manny_02_ASAOPMASK_MSK.ubulk" 1170
"C:/Proyectos/VR_Test/VR_Test/Content/XRMannequins/Textures/Manny/T_Manny_02_ASAOPMASK_MSK.uasset" 1171
"C:/Proyectos/VR_Test/VR_Test/Content/XRMannequins/Textures/Manny/T_Manny_02_ASAOPMASK_MSK.uexp" 1172
"C:/Proyectos/VR_Test/VR_Test/Content/XRMannequins/Textures/Manny/T_Manny_02_BN.ubulk" 1173
"C:/Proyectos/VR_Test/VR_Test/Content/XRMannequins/Textures/Manny/T_Manny_02_BN.uasset" 1174
"C:/Proyectos/VR_Test/VR_Test/Content/XRMannequins/Textures/Manny/T_Manny_02_BN.uexp" 1175
"C:/Proyectos/VR_Test/VR_Test/Content/XRMannequins/Textures/Manny/T_Manny_02_CCRCCPlastic_MSK.ubulk" 1176
"C:/Proyectos/VR_Test/VR_Test/Content/XRMannequins/Textures/Manny/T_Manny_02_CCRCCPlastic_MSK.uasset" 1177
"C:/Proyectos/VR_Test/VR_Test/Content/XRMannequins/Textures/Manny/T_Manny_02_CCRCCPlastic_MSK.uexp" 1178
"C:/Proyectos/VR_Test/VR_Test/Content/XRMannequins/Textures/Manny/T_Manny_02_D.ubulk" 1179
"C:/Proyectos/VR_Test/VR_Test/Content/XRMannequins/Textures/Manny/T_Manny_02_D.uasset" 1180
"C:/Proyectos/VR_Test/VR_Test/Content/XRMannequins/Textures/Manny/T_Manny_02_D.uexp" 1181
"C:/Proyectos/VR_Test/VR_Test/Content/XRMannequins/Textures/Manny/T_Manny_02_MSR_MSK.ubulk" 1182
"C:/Proyectos/VR_Test/VR_Test/Content/XRMannequins/Textures/Manny/T_Manny_02_MSR_MSK.uasset" 1183
"C:/Proyectos/VR_Test/VR_Test/Content/XRMannequins/Textures/Manny/T_Manny_02_MSR_MSK.uexp" 1184
"C:/Proyectos/VR_Test/VR_Test/Content/XRMannequins/Textures/Manny/T_Manny_02_N.ubulk" 1185
"C:/Proyectos/VR_Test/VR_Test/Content/XRMannequins/Textures/Manny/T_Manny_02_N.uasset" 1186
"C:/Proyectos/VR_Test/VR_Test/Content/XRMannequins/Textures/Manny/T_Manny_02_N.uexp" 1187
"C:/Proyectos/VR_Test/VR_Test/Content/XRMannequins/Textures/Manny/T_Manny_02_Tan.ubulk" 1188
"C:/Proyectos/VR_Test/VR_Test/Content/XRMannequins/Textures/Manny/T_Manny_02_Tan.uasset" 1189
"C:/Proyectos/VR_Test/VR_Test/Content/XRMannequins/Textures/Manny/T_Manny_02_Tan.uexp" 1190
"C:/Proyectos/VR_Test/VR_Test/Content/XRMannequins/Materials/Functions/ChromaticCurve.uasset" 1191
"C:/Proyectos/VR_Test/VR_Test/Content/XRMannequins/Materials/Functions/ChromaticCurve.uexp" 1192
"C:/Proyectos/VR_Test/VR_Test/Content/XRMannequins/Materials/Functions/CA_Mannequin.uasset" 1193
"C:/Proyectos/VR_Test/VR_Test/Content/XRMannequins/Materials/Functions/CA_Mannequin.uexp" 1194
"C:/Proyectos/VR_Test/VR_Test/Content/XRMannequins/Materials/Functions/MF_Diffraction.uasset" 1195
"C:/Proyectos/VR_Test/VR_Test/Content/XRMannequins/Materials/Functions/MF_Diffraction.uexp" 1196
"C:/Proyectos/VR_Test/VR_Test/Content/XRMannequins/Textures/Shared/T_UE_Logo_M.uasset" 1197
"C:/Proyectos/VR_Test/VR_Test/Content/XRMannequins/Textures/Shared/T_UE_Logo_M.uexp" 1198
"C:/Proyectos/VR_Test/VR_Test/Content/XRMannequins/Materials/Functions/MF_logo3layers.uasset" 1199
"C:/Proyectos/VR_Test/VR_Test/Content/XRMannequins/Materials/Functions/MF_logo3layers.uexp" 1200
"C:/Proyectos/VR_Test/VR_Test/Content/XRMannequins/Materials/Functions/ML_BaseColorFallOff.uasset" 1201
"C:/Proyectos/VR_Test/VR_Test/Content/XRMannequins/Materials/Functions/ML_BaseColorFallOff.uexp" 1202
"C:/Proyectos/VR_Test/VR_Test/Content/XRMannequins/Textures/Manny/T_Manny_01_ASAOPMASK_MSK.ubulk" 1203
"C:/Proyectos/VR_Test/VR_Test/Content/XRMannequins/Textures/Manny/T_Manny_01_ASAOPMASK_MSK.uasset" 1204
"C:/Proyectos/VR_Test/VR_Test/Content/XRMannequins/Textures/Manny/T_Manny_01_ASAOPMASK_MSK.uexp" 1205
"C:/Proyectos/VR_Test/VR_Test/Content/XRMannequins/Textures/Manny/T_Manny_01_BN.ubulk" 1206
"C:/Proyectos/VR_Test/VR_Test/Content/XRMannequins/Textures/Manny/T_Manny_01_BN.uasset" 1207
"C:/Proyectos/VR_Test/VR_Test/Content/XRMannequins/Textures/Manny/T_Manny_01_BN.uexp" 1208
"C:/Proyectos/VR_Test/VR_Test/Content/XRMannequins/Textures/Manny/T_Manny_01_CCRCCPlastic_MSK.ubulk" 1209
"C:/Proyectos/VR_Test/VR_Test/Content/XRMannequins/Textures/Manny/T_Manny_01_CCRCCPlastic_MSK.uasset" 1210
"C:/Proyectos/VR_Test/VR_Test/Content/XRMannequins/Textures/Manny/T_Manny_01_CCRCCPlastic_MSK.uexp" 1211
"C:/Proyectos/VR_Test/VR_Test/Content/XRMannequins/Textures/Manny/T_Manny_01_D.ubulk" 1212
"C:/Proyectos/VR_Test/VR_Test/Content/XRMannequins/Textures/Manny/T_Manny_01_D.uasset" 1213
"C:/Proyectos/VR_Test/VR_Test/Content/XRMannequins/Textures/Manny/T_Manny_01_D.uexp" 1214
"C:/Proyectos/VR_Test/VR_Test/Content/XRMannequins/Textures/Manny/T_Manny_01_MSR_MSK.ubulk" 1215
"C:/Proyectos/VR_Test/VR_Test/Content/XRMannequins/Textures/Manny/T_Manny_01_MSR_MSK.uasset" 1216
"C:/Proyectos/VR_Test/VR_Test/Content/XRMannequins/Textures/Manny/T_Manny_01_MSR_MSK.uexp" 1217
"C:/Proyectos/VR_Test/VR_Test/Content/XRMannequins/Textures/Manny/T_Manny_01_N.ubulk" 1218
"C:/Proyectos/VR_Test/VR_Test/Content/XRMannequins/Textures/Manny/T_Manny_01_N.uasset" 1219
"C:/Proyectos/VR_Test/VR_Test/Content/XRMannequins/Textures/Manny/T_Manny_01_N.uexp" 1220
"C:/Proyectos/VR_Test/VR_Test/Content/XRMannequins/Textures/Manny/T_Manny_01_Tan.ubulk" 1221
"C:/Proyectos/VR_Test/VR_Test/Content/XRMannequins/Textures/Manny/T_Manny_01_Tan.uasset" 1222
"C:/Proyectos/VR_Test/VR_Test/Content/XRMannequins/Textures/Manny/T_Manny_01_Tan.uexp" 1223
"C:/Proyectos/VR_Test/VR_Test/Content/XRMannequins/Materials/M_Mannequin.uasset" 1224
"C:/Proyectos/VR_Test/VR_Test/Content/XRMannequins/Materials/M_Mannequin.uexp" 1225
"C:/Proyectos/VR_Test/VR_Test/Content/XRMannequins/Materials/Instances/Manny/MI_Manny_01.uasset" 1226
"C:/Proyectos/VR_Test/VR_Test/Content/XRMannequins/Materials/Instances/Manny/MI_Manny_01.uexp" 1227
"C:/Proyectos/VR_Test/VR_Test/Content/XRMannequins/Materials/Instances/Manny/MI_Manny_02.uasset" 1228
"C:/Proyectos/VR_Test/VR_Test/Content/XRMannequins/Materials/Instances/Manny/MI_Manny_02.uexp" 1229
"C:/Proyectos/VR_Test/VR_Test/Content/XRMannequins/Meshes/SKM_MannyXR_left.uasset" 1230
"C:/Proyectos/VR_Test/VR_Test/Content/XRMannequins/Meshes/SKM_MannyXR_left.uexp" 1231
"C:/Proyectos/VR_Test/VR_Test/Content/XRMannequins/BP_MannequinsXR.uasset" 1232
"C:/Proyectos/VR_Test/VR_Test/Content/XRMannequins/BP_MannequinsXR.uexp" 1233
"C:/Proyectos/VR_Test/VR_Test/Content/XRFramework/Input/Actions/IA_Grab_Left_Pressed.uasset" 1234
"C:/Proyectos/VR_Test/VR_Test/Content/XRFramework/Input/Actions/IA_Grab_Left_Pressed.uexp" 1235
"C:/Proyectos/VR_Test/VR_Test/Content/XRFramework/Input/Actions/IA_Grab_Left_Released.uasset" 1236
"C:/Proyectos/VR_Test/VR_Test/Content/XRFramework/Input/Actions/IA_Grab_Left_Released.uexp" 1237
"C:/Proyectos/VR_Test/VR_Test/Content/XRFramework/Input/Actions/IA_Grab_Right_Pressed.uasset" 1238
"C:/Proyectos/VR_Test/VR_Test/Content/XRFramework/Input/Actions/IA_Grab_Right_Pressed.uexp" 1239
"C:/Proyectos/VR_Test/VR_Test/Content/XRFramework/Input/Actions/IA_Grab_Right_Released.uasset" 1240
"C:/Proyectos/VR_Test/VR_Test/Content/XRFramework/Input/Actions/IA_Grab_Right_Released.uexp" 1241
"C:/Proyectos/VR_Test/VR_Test/Content/XRFramework/Input/Actions/IA_Menu_Toggle_Left.uasset" 1242
"C:/Proyectos/VR_Test/VR_Test/Content/XRFramework/Input/Actions/IA_Menu_Toggle_Left.uexp" 1243
"C:/Proyectos/VR_Test/VR_Test/Content/XRFramework/Input/Actions/IA_Menu_Toggle_Right.uasset" 1244
"C:/Proyectos/VR_Test/VR_Test/Content/XRFramework/Input/Actions/IA_Menu_Toggle_Right.uexp" 1245
"C:/Proyectos/VR_Test/VR_Test/Content/XRFramework/Input/BP_InputModifier_XAxisPositiveOnly.uasset" 1246
"C:/Proyectos/VR_Test/VR_Test/Content/XRFramework/Input/BP_InputModifier_XAxisPositiveOnly.uexp" 1247
"C:/Proyectos/VR_Test/VR_Test/Content/XRFramework/Input/Actions/IA_Move.uasset" 1248
"C:/Proyectos/VR_Test/VR_Test/Content/XRFramework/Input/Actions/IA_Move.uexp" 1249
"C:/Proyectos/VR_Test/VR_Test/Content/XRFramework/Input/Actions/IA_Turn.uasset" 1250
"C:/Proyectos/VR_Test/VR_Test/Content/XRFramework/Input/Actions/IA_Turn.uexp" 1251
"C:/Proyectos/VR_Test/VR_Test/Content/XRFramework/Input/IMC_Default.uasset" 1252
"C:/Proyectos/VR_Test/VR_Test/Content/XRFramework/Input/IMC_Default.uexp" 1253
"C:/Proyectos/VR_Test/VR_Test/Content/XRFramework/Input/Actions/Hands/IA_Hand_Grasp_Left.uasset" 1254
"C:/Proyectos/VR_Test/VR_Test/Content/XRFramework/Input/Actions/Hands/IA_Hand_Grasp_Left.uexp" 1255
"C:/Proyectos/VR_Test/VR_Test/Content/XRFramework/Input/Actions/Hands/IA_Hand_Grasp_Right.uasset" 1256
"C:/Proyectos/VR_Test/VR_Test/Content/XRFramework/Input/Actions/Hands/IA_Hand_Grasp_Right.uexp" 1257
"C:/Proyectos/VR_Test/VR_Test/Content/XRFramework/Input/Actions/Hands/IA_Hand_IndexCurl_Left.uasset" 1258
"C:/Proyectos/VR_Test/VR_Test/Content/XRFramework/Input/Actions/Hands/IA_Hand_IndexCurl_Left.uexp" 1259
"C:/Proyectos/VR_Test/VR_Test/Content/XRFramework/Input/Actions/Hands/IA_Hand_IndexCurl_Right.uasset" 1260
"C:/Proyectos/VR_Test/VR_Test/Content/XRFramework/Input/Actions/Hands/IA_Hand_IndexCurl_Right.uexp" 1261
"C:/Proyectos/VR_Test/VR_Test/Content/XRFramework/Input/Actions/Hands/IA_Hand_Point_Left.uasset" 1262
"C:/Proyectos/VR_Test/VR_Test/Content/XRFramework/Input/Actions/Hands/IA_Hand_Point_Left.uexp" 1263
"C:/Proyectos/VR_Test/VR_Test/Content/XRFramework/Input/Actions/Hands/IA_Hand_Point_Right.uasset" 1264
"C:/Proyectos/VR_Test/VR_Test/Content/XRFramework/Input/Actions/Hands/IA_Hand_Point_Right.uexp" 1265
"C:/Proyectos/VR_Test/VR_Test/Content/XRFramework/Input/Actions/Hands/IA_Hand_ThumbUp_Left.uasset" 1266
"C:/Proyectos/VR_Test/VR_Test/Content/XRFramework/Input/Actions/Hands/IA_Hand_ThumbUp_Left.uexp" 1267
"C:/Proyectos/VR_Test/VR_Test/Content/XRFramework/Input/Actions/Hands/IA_Hand_ThumbUp_Right.uasset" 1268
"C:/Proyectos/VR_Test/VR_Test/Content/XRFramework/Input/Actions/Hands/IA_Hand_ThumbUp_Right.uexp" 1269
"C:/Proyectos/VR_Test/VR_Test/Content/XRFramework/Input/IMC_Hands.uasset" 1270
"C:/Proyectos/VR_Test/VR_Test/Content/XRFramework/Input/IMC_Hands.uexp" 1271
"C:/Proyectos/VR_Test/VR_Test/Content/XRFramework/Materials/DefaultRibbonMaterial_NoGradient.uasset" 1272
"C:/Proyectos/VR_Test/VR_Test/Content/XRFramework/Materials/DefaultRibbonMaterial_NoGradient.uexp" 1273
"C:/Proyectos/VR_Test/VR_Test/Content/XRFramework/VFX/NS_TeleportTrace.uasset" 1274
"C:/Proyectos/VR_Test/VR_Test/Content/XRFramework/VFX/NS_TeleportTrace.uexp" 1275
"C:/Proyectos/VR_Test/VR_Test/Content/XRMannequins/Meshes/SKM_MannyXR_right.uasset" 1276
"C:/Proyectos/VR_Test/VR_Test/Content/XRMannequins/Meshes/SKM_MannyXR_right.uexp" 1277
"C:/Proyectos/VR_Test/VR_Test/Content/XRFramework/Input/Actions/IA_Menu_Cursor_Left.uasset" 1278
"C:/Proyectos/VR_Test/VR_Test/Content/XRFramework/Input/Actions/IA_Menu_Cursor_Left.uexp" 1279
"C:/Proyectos/VR_Test/VR_Test/Content/XRFramework/Input/Actions/IA_Menu_Cursor_Right.uasset" 1280
"C:/Proyectos/VR_Test/VR_Test/Content/XRFramework/Input/Actions/IA_Menu_Cursor_Right.uexp" 1281
"C:/Proyectos/VR_Test/VR_Test/Content/XRFramework/Input/Actions/IA_Menu_Interact_Left_Pressed.uasset" 1282
"C:/Proyectos/VR_Test/VR_Test/Content/XRFramework/Input/Actions/IA_Menu_Interact_Left_Pressed.uexp" 1283
"C:/Proyectos/VR_Test/VR_Test/Content/XRFramework/Input/Actions/IA_Menu_Interact_Right_Pressed.uasset" 1284
"C:/Proyectos/VR_Test/VR_Test/Content/XRFramework/Input/Actions/IA_Menu_Interact_Right_Pressed.uexp" 1285
"C:/Proyectos/VR_Test/VR_Test/Content/XRFramework/Input/IMC_Menu.uasset" 1286
"C:/Proyectos/VR_Test/VR_Test/Content/XRFramework/Input/IMC_Menu.uexp" 1287
"C:/Proyectos/VR_Test/VR_Test/Content/XRFramework/Materials/M_VRCursor.uasset" 1288
"C:/Proyectos/VR_Test/VR_Test/Content/XRFramework/Materials/M_VRCursor.uexp" 1289
"C:/Proyectos/VR_Test/VR_Test/Content/XRFramework/VFX/NS_MenuLaser.uasset" 1290
"C:/Proyectos/VR_Test/VR_Test/Content/XRFramework/VFX/NS_MenuLaser.uexp" 1291
"../../../Engine/Content/EditorResources/AI/S_NavLink.uasset" 1292
"../../../Engine/Content/EditorResources/AI/S_NavLink.uexp" 1293
"C:/Proyectos/VR_Test/VR_Test/Content/XRFramework/Blueprints/WBP_Menu.uasset" 1294
"C:/Proyectos/VR_Test/VR_Test/Content/XRFramework/Blueprints/WBP_Menu.uexp" 1295
"C:/Proyectos/VR_Test/VR_Test/Content/XRFramework/Blueprints/BP_Menu.uasset" 1296
"C:/Proyectos/VR_Test/VR_Test/Content/XRFramework/Blueprints/BP_Menu.uexp" 1297
"../../../Engine/Content/Functions/Engine_MaterialFunctions02/Utility/DepthFromWorldPosition.uasset" 1298
"../../../Engine/Content/Functions/Engine_MaterialFunctions02/Utility/DepthFromWorldPosition.uexp" 1299
"C:/Proyectos/VR_Test/VR_Test/Content/XRFramework/Materials/Functions/MF_OccludedPixels.uasset" 1300
"C:/Proyectos/VR_Test/VR_Test/Content/XRFramework/Materials/Functions/MF_OccludedPixels.uexp" 1301
"C:/Proyectos/VR_Test/VR_Test/Content/XRFramework/Materials/M_TeleportNoise.uasset" 1302
"C:/Proyectos/VR_Test/VR_Test/Content/XRFramework/Materials/M_TeleportNoise.uexp" 1303
"C:/Proyectos/VR_Test/VR_Test/Content/XRFramework/VFX/NPC_VRTemplate.uasset" 1304
"C:/Proyectos/VR_Test/VR_Test/Content/XRFramework/VFX/NPC_VRTemplate.uexp" 1305
"C:/Proyectos/VR_Test/VR_Test/Content/XRFramework/VFX/NS_PlayAreaBounds.uasset" 1306
"C:/Proyectos/VR_Test/VR_Test/Content/XRFramework/VFX/NS_PlayAreaBounds.uexp" 1307
"C:/Proyectos/VR_Test/VR_Test/Content/XRFramework/Materials/M_TeleportCylinder.uasset" 1308
"C:/Proyectos/VR_Test/VR_Test/Content/XRFramework/Materials/M_TeleportCylinder.uexp" 1309
"C:/Proyectos/VR_Test/VR_Test/Content/XRFramework/VFX/NS_TeleportRing.uasset" 1310
"C:/Proyectos/VR_Test/VR_Test/Content/XRFramework/VFX/NS_TeleportRing.uexp" 1311
"C:/Proyectos/VR_Test/VR_Test/Content/XRFramework/Blueprints/BP_TeleportVisualizer.uasset" 1312
"C:/Proyectos/VR_Test/VR_Test/Content/XRFramework/Blueprints/BP_TeleportVisualizer.uexp" 1313
"C:/Proyectos/VR_Test/VR_Test/Content/XRFramework/Blueprints/BP_XRPawn.uasset" 1314
"C:/Proyectos/VR_Test/VR_Test/Content/XRFramework/Blueprints/BP_XRPawn.uexp" 1315
"C:/Proyectos/VR_Test/VR_Test/Content/Enemy/BP_Respawn.uasset" 1316
"C:/Proyectos/VR_Test/VR_Test/Content/Enemy/BP_Respawn.uexp" 1317
"C:/Proyectos/VR_Test/VR_Test/Content/Characters/Mannequins/Meshes/SK_Mannequin.uasset" 1318
"C:/Proyectos/VR_Test/VR_Test/Content/Characters/Mannequins/Meshes/SK_Mannequin.uexp" 1319
"C:/Proyectos/VR_Test/VR_Test/Content/Characters/Mannequins/Rigs/PA_Mannequin.uasset" 1320
"C:/Proyectos/VR_Test/VR_Test/Content/Characters/Mannequins/Rigs/PA_Mannequin.uexp" 1321
"C:/Proyectos/VR_Test/VR_Test/Content/Characters/Mannequins/Textures/Manny/T_Manny_01_BN.ubulk" 1322
"C:/Proyectos/VR_Test/VR_Test/Content/Characters/Mannequins/Textures/Manny/T_Manny_01_BN.uasset" 1323
"C:/Proyectos/VR_Test/VR_Test/Content/Characters/Mannequins/Textures/Manny/T_Manny_01_BN.uexp" 1324
"C:/Proyectos/VR_Test/VR_Test/Content/Characters/Mannequins/Textures/Manny/T_Manny_01_D.ubulk" 1325
"C:/Proyectos/VR_Test/VR_Test/Content/Characters/Mannequins/Textures/Manny/T_Manny_01_D.uasset" 1326
"C:/Proyectos/VR_Test/VR_Test/Content/Characters/Mannequins/Textures/Manny/T_Manny_01_D.uexp" 1327
"C:/Proyectos/VR_Test/VR_Test/Content/Characters/Mannequins/Textures/Manny/T_Manny_01_MRA.ubulk" 1328
"C:/Proyectos/VR_Test/VR_Test/Content/Characters/Mannequins/Textures/Manny/T_Manny_01_MRA.uasset" 1329
"C:/Proyectos/VR_Test/VR_Test/Content/Characters/Mannequins/Textures/Manny/T_Manny_01_MRA.uexp" 1330
"C:/Proyectos/VR_Test/VR_Test/Content/Characters/Mannequins/Textures/Shared/T_UE_Logo_M.uasset" 1331
"C:/Proyectos/VR_Test/VR_Test/Content/Characters/Mannequins/Textures/Shared/T_UE_Logo_M.uexp" 1332
"C:/Proyectos/VR_Test/VR_Test/Content/Characters/Mannequins/Materials/M_Mannequin.uasset" 1333
"C:/Proyectos/VR_Test/VR_Test/Content/Characters/Mannequins/Materials/M_Mannequin.uexp" 1334
"C:/Proyectos/VR_Test/VR_Test/Content/Characters/Mannequins/Materials/Manny/MI_Manny_01_New.uasset" 1335
"C:/Proyectos/VR_Test/VR_Test/Content/Characters/Mannequins/Materials/Manny/MI_Manny_01_New.uexp" 1336
"C:/Proyectos/VR_Test/VR_Test/Content/Characters/Mannequins/Textures/Manny/T_Manny_02_BN.ubulk" 1337
"C:/Proyectos/VR_Test/VR_Test/Content/Characters/Mannequins/Textures/Manny/T_Manny_02_BN.uasset" 1338
"C:/Proyectos/VR_Test/VR_Test/Content/Characters/Mannequins/Textures/Manny/T_Manny_02_BN.uexp" 1339
"C:/Proyectos/VR_Test/VR_Test/Content/Characters/Mannequins/Textures/Manny/T_Manny_02_D.ubulk" 1340
"C:/Proyectos/VR_Test/VR_Test/Content/Characters/Mannequins/Textures/Manny/T_Manny_02_D.uasset" 1341
"C:/Proyectos/VR_Test/VR_Test/Content/Characters/Mannequins/Textures/Manny/T_Manny_02_D.uexp" 1342
"C:/Proyectos/VR_Test/VR_Test/Content/Characters/Mannequins/Textures/Manny/T_Manny_02_MRA.ubulk" 1343
"C:/Proyectos/VR_Test/VR_Test/Content/Characters/Mannequins/Textures/Manny/T_Manny_02_MRA.uasset" 1344
"C:/Proyectos/VR_Test/VR_Test/Content/Characters/Mannequins/Textures/Manny/T_Manny_02_MRA.uexp" 1345
"C:/Proyectos/VR_Test/VR_Test/Content/Characters/Mannequins/Materials/Manny/MI_Manny_02_New.uasset" 1346
"C:/Proyectos/VR_Test/VR_Test/Content/Characters/Mannequins/Materials/Manny/MI_Manny_02_New.uexp" 1347
"C:/Proyectos/VR_Test/VR_Test/Content/Characters/Mannequins/Meshes/SKM_Manny_Simple.uasset" 1348
"C:/Proyectos/VR_Test/VR_Test/Content/Characters/Mannequins/Meshes/SKM_Manny_Simple.uexp" 1349
"../../../Engine/Plugins/Animation/ControlRig/Content/Controls/DefaultGizmoLibraryNormalized.uasset" 1350
"../../../Engine/Plugins/Animation/ControlRig/Content/Controls/DefaultGizmoLibraryNormalized.uexp" 1351
"C:/Proyectos/VR_Test/VR_Test/Content/Characters/Mannequins/Rigs/CR_Mannequin_FootIK.uasset" 1352
"C:/Proyectos/VR_Test/VR_Test/Content/Characters/Mannequins/Rigs/CR_Mannequin_FootIK.uexp" 1353
"../../../Engine/Content/Animation/DefaultAnimBoneCompressionSettings.uasset" 1354
"../../../Engine/Content/Animation/DefaultAnimBoneCompressionSettings.uexp" 1355
"C:/Proyectos/VR_Test/VR_Test/Content/Characters/Mannequins/Anims/Unarmed/MM_Idle.uasset" 1356
"C:/Proyectos/VR_Test/VR_Test/Content/Characters/Mannequins/Anims/Unarmed/MM_Idle.uexp" 1357
"C:/Proyectos/VR_Test/VR_Test/Content/Characters/Mannequins/Anims/Unarmed/Jog/MF_Unarmed_Jog_Bwd.uasset" 1358
"C:/Proyectos/VR_Test/VR_Test/Content/Characters/Mannequins/Anims/Unarmed/Jog/MF_Unarmed_Jog_Bwd.uexp" 1359
"../../../Engine/Plugins/Animation/ACLPlugin/Content/ACLAnimCurveCompressionSettings.uasset" 1360
"../../../Engine/Plugins/Animation/ACLPlugin/Content/ACLAnimCurveCompressionSettings.uexp" 1361
"C:/Proyectos/VR_Test/VR_Test/Content/Characters/Mannequins/Anims/Unarmed/Jog/MF_Unarmed_Jog_Bwd_Left.uasset" 1362
"C:/Proyectos/VR_Test/VR_Test/Content/Characters/Mannequins/Anims/Unarmed/Jog/MF_Unarmed_Jog_Bwd_Left.uexp" 1363
"C:/Proyectos/VR_Test/VR_Test/Content/Characters/Mannequins/Anims/Unarmed/Jog/MF_Unarmed_Jog_Bwd_Right.uasset" 1364
"C:/Proyectos/VR_Test/VR_Test/Content/Characters/Mannequins/Anims/Unarmed/Jog/MF_Unarmed_Jog_Bwd_Right.uexp" 1365
"C:/Proyectos/VR_Test/VR_Test/Content/Characters/Mannequins/Anims/Unarmed/Jog/MF_Unarmed_Jog_Fwd.uasset" 1366
"C:/Proyectos/VR_Test/VR_Test/Content/Characters/Mannequins/Anims/Unarmed/Jog/MF_Unarmed_Jog_Fwd.uexp" 1367
"C:/Proyectos/VR_Test/VR_Test/Content/Characters/Mannequins/Anims/Unarmed/Jog/MF_Unarmed_Jog_Fwd_Left.uasset" 1368
"C:/Proyectos/VR_Test/VR_Test/Content/Characters/Mannequins/Anims/Unarmed/Jog/MF_Unarmed_Jog_Fwd_Left.uexp" 1369
"C:/Proyectos/VR_Test/VR_Test/Content/Characters/Mannequins/Anims/Unarmed/Jog/MF_Unarmed_Jog_Fwd_Right.uasset" 1370
"C:/Proyectos/VR_Test/VR_Test/Content/Characters/Mannequins/Anims/Unarmed/Jog/MF_Unarmed_Jog_Fwd_Right.uexp" 1371
"C:/Proyectos/VR_Test/VR_Test/Content/Characters/Mannequins/Anims/Unarmed/Jog/MF_Unarmed_Jog_Left.uasset" 1372
"C:/Proyectos/VR_Test/VR_Test/Content/Characters/Mannequins/Anims/Unarmed/Jog/MF_Unarmed_Jog_Left.uexp" 1373
"C:/Proyectos/VR_Test/VR_Test/Content/Characters/Mannequins/Anims/Unarmed/Jog/MF_Unarmed_Jog_Right.uasset" 1374
"C:/Proyectos/VR_Test/VR_Test/Content/Characters/Mannequins/Anims/Unarmed/Jog/MF_Unarmed_Jog_Right.uexp" 1375
"C:/Proyectos/VR_Test/VR_Test/Content/Characters/Mannequins/Anims/Unarmed/Walk/MF_Unarmed_Walk_Bwd.uasset" 1376
"C:/Proyectos/VR_Test/VR_Test/Content/Characters/Mannequins/Anims/Unarmed/Walk/MF_Unarmed_Walk_Bwd.uexp" 1377
"C:/Proyectos/VR_Test/VR_Test/Content/Characters/Mannequins/Anims/Unarmed/Walk/MF_Unarmed_Walk_Bwd_Left.uasset" 1378
"C:/Proyectos/VR_Test/VR_Test/Content/Characters/Mannequins/Anims/Unarmed/Walk/MF_Unarmed_Walk_Bwd_Left.uexp" 1379
"C:/Proyectos/VR_Test/VR_Test/Content/Characters/Mannequins/Anims/Unarmed/Walk/MF_Unarmed_Walk_Bwd_Right.uasset" 1380
"C:/Proyectos/VR_Test/VR_Test/Content/Characters/Mannequins/Anims/Unarmed/Walk/MF_Unarmed_Walk_Bwd_Right.uexp" 1381
"C:/Proyectos/VR_Test/VR_Test/Content/Characters/Mannequins/Anims/Unarmed/Walk/MF_Unarmed_Walk_Fwd.uasset" 1382
"C:/Proyectos/VR_Test/VR_Test/Content/Characters/Mannequins/Anims/Unarmed/Walk/MF_Unarmed_Walk_Fwd.uexp" 1383
"C:/Proyectos/VR_Test/VR_Test/Content/Characters/Mannequins/Anims/Unarmed/Walk/MF_Unarmed_Walk_Fwd_Left.uasset" 1384
"C:/Proyectos/VR_Test/VR_Test/Content/Characters/Mannequins/Anims/Unarmed/Walk/MF_Unarmed_Walk_Fwd_Left.uexp" 1385
"C:/Proyectos/VR_Test/VR_Test/Content/Characters/Mannequins/Anims/Unarmed/Walk/MF_Unarmed_Walk_Fwd_Right.uasset" 1386
"C:/Proyectos/VR_Test/VR_Test/Content/Characters/Mannequins/Anims/Unarmed/Walk/MF_Unarmed_Walk_Fwd_Right.uexp" 1387
"C:/Proyectos/VR_Test/VR_Test/Content/Characters/Mannequins/Anims/Unarmed/Walk/MF_Unarmed_Walk_Left.uasset" 1388
"C:/Proyectos/VR_Test/VR_Test/Content/Characters/Mannequins/Anims/Unarmed/Walk/MF_Unarmed_Walk_Left.uexp" 1389
"C:/Proyectos/VR_Test/VR_Test/Content/Characters/Mannequins/Anims/Unarmed/Walk/MF_Unarmed_Walk_Right.uasset" 1390
"C:/Proyectos/VR_Test/VR_Test/Content/Characters/Mannequins/Anims/Unarmed/Walk/MF_Unarmed_Walk_Right.uexp" 1391
"C:/Proyectos/VR_Test/VR_Test/Content/Characters/Mannequins/Anims/Unarmed/BS_Idle_Walk_Run.uasset" 1392
"C:/Proyectos/VR_Test/VR_Test/Content/Characters/Mannequins/Anims/Unarmed/BS_Idle_Walk_Run.uexp" 1393
"C:/Proyectos/VR_Test/VR_Test/Content/Characters/Mannequins/Anims/Unarmed/Jump/MM_Fall_Loop.uasset" 1394
"C:/Proyectos/VR_Test/VR_Test/Content/Characters/Mannequins/Anims/Unarmed/Jump/MM_Fall_Loop.uexp" 1395
"C:/Proyectos/VR_Test/VR_Test/Content/Characters/Mannequins/Anims/Unarmed/Jump/MM_Jump.uasset" 1396
"C:/Proyectos/VR_Test/VR_Test/Content/Characters/Mannequins/Anims/Unarmed/Jump/MM_Jump.uexp" 1397
"C:/Proyectos/VR_Test/VR_Test/Content/Characters/Mannequins/Anims/Unarmed/Jump/MM_Land.uasset" 1398
"C:/Proyectos/VR_Test/VR_Test/Content/Characters/Mannequins/Anims/Unarmed/Jump/MM_Land.uexp" 1399
"C:/Proyectos/VR_Test/VR_Test/Content/Characters/Mannequins/Anims/Unarmed/ABP_Unarmed.uasset" 1400
"C:/Proyectos/VR_Test/VR_Test/Content/Characters/Mannequins/Anims/Unarmed/ABP_Unarmed.uexp" 1401
"C:/Proyectos/VR_Test/VR_Test/Content/Characters/Mannequins/Anims/Pistol/Jog/MF_Pistol_Jog_Fwd.uasset" 1402
"C:/Proyectos/VR_Test/VR_Test/Content/Characters/Mannequins/Anims/Pistol/Jog/MF_Pistol_Jog_Fwd.uexp" 1403
"C:/Proyectos/VR_Test/VR_Test/Content/Enemy/BP_Enemy.uasset" 1404
"C:/Proyectos/VR_Test/VR_Test/Content/Enemy/BP_Enemy.uexp" 1405
"C:/Proyectos/VR_Test/VR_Test/Content/XRFramework/Materials/M_Projectile.uasset" 1406
"C:/Proyectos/VR_Test/VR_Test/Content/XRFramework/Materials/M_Projectile.uexp" 1407
"C:/Proyectos/VR_Test/VR_Test/Content/XRFramework/Materials/MI_Projectile.uasset" 1408
"C:/Proyectos/VR_Test/VR_Test/Content/XRFramework/Materials/MI_Projectile.uexp" 1409
"C:/Proyectos/VR_Test/VR_Test/Content/XRFramework/Blueprints/BP_Projectile.uasset" 1410
"C:/Proyectos/VR_Test/VR_Test/Content/XRFramework/Blueprints/BP_Projectile.uexp" 1411
"C:/Proyectos/VR_Test/VR_Test/Content/Enemy/BP_Enemy_Follow.uasset" 1412
"C:/Proyectos/VR_Test/VR_Test/Content/Enemy/BP_Enemy_Follow.uexp" 1413
"C:/Proyectos/VR_Test/VR_Test/Content/Characters/Mannequins/Textures/Quinn/T_Quinn_01_D.ubulk" 1414
"C:/Proyectos/VR_Test/VR_Test/Content/Characters/Mannequins/Textures/Quinn/T_Quinn_01_D.uasset" 1415
"C:/Proyectos/VR_Test/VR_Test/Content/Characters/Mannequins/Textures/Quinn/T_Quinn_01_D.uexp" 1416
"C:/Proyectos/VR_Test/VR_Test/Content/Characters/Mannequins/Textures/Quinn/T_Quinn_01_MRA.ubulk" 1417
"C:/Proyectos/VR_Test/VR_Test/Content/Characters/Mannequins/Textures/Quinn/T_Quinn_01_MRA.uasset" 1418
"C:/Proyectos/VR_Test/VR_Test/Content/Characters/Mannequins/Textures/Quinn/T_Quinn_01_MRA.uexp" 1419
"C:/Proyectos/VR_Test/VR_Test/Content/Characters/Mannequins/Textures/Quinn/T_Quinn_01_N.ubulk" 1420
"C:/Proyectos/VR_Test/VR_Test/Content/Characters/Mannequins/Textures/Quinn/T_Quinn_01_N.uasset" 1421
"C:/Proyectos/VR_Test/VR_Test/Content/Characters/Mannequins/Textures/Quinn/T_Quinn_01_N.uexp" 1422
"C:/Proyectos/VR_Test/VR_Test/Content/Characters/Mannequins/Materials/Quinn/MI_Quinn_01.uasset" 1423
"C:/Proyectos/VR_Test/VR_Test/Content/Characters/Mannequins/Materials/Quinn/MI_Quinn_01.uexp" 1424
"C:/Proyectos/VR_Test/VR_Test/Content/Characters/Mannequins/Textures/Quinn/T_Quinn_02_D.ubulk" 1425
"C:/Proyectos/VR_Test/VR_Test/Content/Characters/Mannequins/Textures/Quinn/T_Quinn_02_D.uasset" 1426
"C:/Proyectos/VR_Test/VR_Test/Content/Characters/Mannequins/Textures/Quinn/T_Quinn_02_D.uexp" 1427
"C:/Proyectos/VR_Test/VR_Test/Content/Characters/Mannequins/Textures/Quinn/T_Quinn_02_MRA.ubulk" 1428
"C:/Proyectos/VR_Test/VR_Test/Content/Characters/Mannequins/Textures/Quinn/T_Quinn_02_MRA.uasset" 1429
"C:/Proyectos/VR_Test/VR_Test/Content/Characters/Mannequins/Textures/Quinn/T_Quinn_02_MRA.uexp" 1430
"C:/Proyectos/VR_Test/VR_Test/Content/Characters/Mannequins/Textures/Quinn/T_Quinn_02_N.ubulk" 1431
"C:/Proyectos/VR_Test/VR_Test/Content/Characters/Mannequins/Textures/Quinn/T_Quinn_02_N.uasset" 1432
"C:/Proyectos/VR_Test/VR_Test/Content/Characters/Mannequins/Textures/Quinn/T_Quinn_02_N.uexp" 1433
"C:/Proyectos/VR_Test/VR_Test/Content/Characters/Mannequins/Materials/Quinn/MI_Quinn_02.uasset" 1434
"C:/Proyectos/VR_Test/VR_Test/Content/Characters/Mannequins/Materials/Quinn/MI_Quinn_02.uexp" 1435
"C:/Proyectos/VR_Test/VR_Test/Content/Characters/Mannequins/Meshes/SKM_Quinn_Simple.uasset" 1436
"C:/Proyectos/VR_Test/VR_Test/Content/Characters/Mannequins/Meshes/SKM_Quinn_Simple.uexp" 1437
"C:/Proyectos/VR_Test/VR_Test/Content/Characters/Mannequins/Anims/Pistol/Walk/MF_Pistol_Walk_Fwd.uasset" 1438
"C:/Proyectos/VR_Test/VR_Test/Content/Characters/Mannequins/Anims/Pistol/Walk/MF_Pistol_Walk_Fwd.uexp" 1439
"../../../Engine/Content/BasicShapes/Cone.ubulk" 1440
"../../../Engine/Content/BasicShapes/Cone.uasset" 1441
"../../../Engine/Content/BasicShapes/Cone.uexp" 1442
"C:/Proyectos/VR_Test/VR_Test/Content/Enemy/BP_Spell.uasset" 1443
"C:/Proyectos/VR_Test/VR_Test/Content/Enemy/BP_Spell.uexp" 1444
"C:/Proyectos/VR_Test/VR_Test/Content/Enemy/BP_Enemy_Patrol.uasset" 1445
"C:/Proyectos/VR_Test/VR_Test/Content/Enemy/BP_Enemy_Patrol.uexp" 1446
"C:/Proyectos/VR_Test/VR_Test/Content/Enemy/BP_Spawner.uasset" 1447
"C:/Proyectos/VR_Test/VR_Test/Content/Enemy/BP_Spawner.uexp" 1448
"C:/Proyectos/VR_Test/VR_Test/Content/Enemy/WBP_Defeat.uasset" 1449
"C:/Proyectos/VR_Test/VR_Test/Content/Enemy/WBP_Defeat.uexp" 1450
"C:/Proyectos/VR_Test/VR_Test/Content/Enemy/UI_Manager.uasset" 1451
"C:/Proyectos/VR_Test/VR_Test/Content/Enemy/UI_Manager.uexp" 1452
"C:/Proyectos/VR_Test/VR_Test/Content/LevelPrototyping/Materials/M_FlatCol.uasset" 1453
"C:/Proyectos/VR_Test/VR_Test/Content/LevelPrototyping/Materials/M_FlatCol.uexp" 1454
"C:/Proyectos/VR_Test/VR_Test/Content/LevelPrototyping/Materials/MI_DefaultColorway.uasset" 1455
"C:/Proyectos/VR_Test/VR_Test/Content/LevelPrototyping/Materials/MI_DefaultColorway.uexp" 1456
"C:/Proyectos/VR_Test/VR_Test/Content/LevelPrototyping/Meshes/SM_ChamferCube.ubulk" 1457
"C:/Proyectos/VR_Test/VR_Test/Content/LevelPrototyping/Meshes/SM_ChamferCube.uasset" 1458
"C:/Proyectos/VR_Test/VR_Test/Content/LevelPrototyping/Meshes/SM_ChamferCube.uexp" 1459
"../../../Engine/Content/Functions/Engine_MaterialFunctions01/Gradient/LinearGradient.uasset" 1460
"../../../Engine/Content/Functions/Engine_MaterialFunctions01/Gradient/LinearGradient.uexp" 1461
"../../../Engine/Content/Functions/Engine_MaterialFunctions01/ImageAdjustment/CheapContrast.uasset" 1462
"../../../Engine/Content/Functions/Engine_MaterialFunctions01/ImageAdjustment/CheapContrast.uexp" 1463
"C:/Proyectos/VR_Test/VR_Test/Content/LevelPrototyping/Textures/T_GridChecker_A.ubulk" 1464
"C:/Proyectos/VR_Test/VR_Test/Content/LevelPrototyping/Textures/T_GridChecker_A.uasset" 1465
"C:/Proyectos/VR_Test/VR_Test/Content/LevelPrototyping/Textures/T_GridChecker_A.uexp" 1466
"C:/Proyectos/VR_Test/VR_Test/Content/LevelPrototyping/Materials/MF_ProcGrid.uasset" 1467
"C:/Proyectos/VR_Test/VR_Test/Content/LevelPrototyping/Materials/MF_ProcGrid.uexp" 1468
"C:/Proyectos/VR_Test/VR_Test/Content/LevelPrototyping/Materials/M_PrototypeGrid.uasset" 1469
"C:/Proyectos/VR_Test/VR_Test/Content/LevelPrototyping/Materials/M_PrototypeGrid.uexp" 1470
"C:/Proyectos/VR_Test/VR_Test/Content/LevelPrototyping/Materials/MI_PrototypeGrid_Gray.uasset" 1471
"C:/Proyectos/VR_Test/VR_Test/Content/LevelPrototyping/Materials/MI_PrototypeGrid_Gray.uexp" 1472
"C:/Proyectos/VR_Test/VR_Test/Content/LevelPrototyping/Meshes/SM_Cube.ubulk" 1473
"C:/Proyectos/VR_Test/VR_Test/Content/LevelPrototyping/Meshes/SM_Cube.uasset" 1474
"C:/Proyectos/VR_Test/VR_Test/Content/LevelPrototyping/Meshes/SM_Cube.uexp" 1475
"../../../Engine/Content/Functions/Engine_MaterialFunctions02/Utility/AppendMany.uasset" 1476
"../../../Engine/Content/Functions/Engine_MaterialFunctions02/Utility/AppendMany.uexp" 1477
"../../../Engine/Content/Functions/Engine_MaterialFunctions01/Texturing/WorldAlignedTexture.uasset" 1478
"../../../Engine/Content/Functions/Engine_MaterialFunctions01/Texturing/WorldAlignedTexture.uexp" 1479
"C:/Proyectos/VR_Test/VR_Test/Content/XRFramework/Textures/T_Grid.ubulk" 1480
"C:/Proyectos/VR_Test/VR_Test/Content/XRFramework/Textures/T_Grid.uasset" 1481
"C:/Proyectos/VR_Test/VR_Test/Content/XRFramework/Textures/T_Grid.uexp" 1482
"C:/Proyectos/VR_Test/VR_Test/Content/XRFramework/Materials/M_GridRotation.uasset" 1483
"C:/Proyectos/VR_Test/VR_Test/Content/XRFramework/Materials/M_GridRotation.uexp" 1484
"C:/Proyectos/VR_Test/VR_Test/Content/XRFramework/Materials/MI_Grid_Accent.uasset" 1485
"C:/Proyectos/VR_Test/VR_Test/Content/XRFramework/Materials/MI_Grid_Accent.uexp" 1486
"C:/Proyectos/VR_Test/VR_Test/Content/XRFramework/Materials/MI_Grid_Default.uasset" 1487
"C:/Proyectos/VR_Test/VR_Test/Content/XRFramework/Materials/MI_Grid_Default.uexp" 1488
"C:/Proyectos/VR_Test/VR_Test/Content/XRFramework/Materials/MI_VRColorway.uasset" 1489
"C:/Proyectos/VR_Test/VR_Test/Content/XRFramework/Materials/MI_VRColorway.uexp" 1490
"C:/Proyectos/VR_Test/VR_Test/Content/XRFramework/Blueprints/BP_Grabbable_SmallCube.uasset" 1491
"C:/Proyectos/VR_Test/VR_Test/Content/XRFramework/Blueprints/BP_Grabbable_SmallCube.uexp" 1492
"C:/Proyectos/VR_Test/VR_Test/Content/XRFramework/Blueprints/BP_Passthrough.uasset" 1493
"C:/Proyectos/VR_Test/VR_Test/Content/XRFramework/Blueprints/BP_Passthrough.uexp" 1494
"C:/Proyectos/VR_Test/VR_Test/Content/XRFramework/Haptics/PistolFireHapticEffect.uasset" 1495
"C:/Proyectos/VR_Test/VR_Test/Content/XRFramework/Haptics/PistolFireHapticEffect.uexp" 1496
"C:/Proyectos/VR_Test/VR_Test/Content/Weapons/Pistol/Textures/T_Pistol_AORM.ubulk" 1497
"C:/Proyectos/VR_Test/VR_Test/Content/Weapons/Pistol/Textures/T_Pistol_AORM.uasset" 1498
"C:/Proyectos/VR_Test/VR_Test/Content/Weapons/Pistol/Textures/T_Pistol_AORM.uexp" 1499
"C:/Proyectos/VR_Test/VR_Test/Content/Weapons/Pistol/Textures/T_Pistol_D.ubulk" 1500
"C:/Proyectos/VR_Test/VR_Test/Content/Weapons/Pistol/Textures/T_Pistol_D.uasset" 1501
"C:/Proyectos/VR_Test/VR_Test/Content/Weapons/Pistol/Textures/T_Pistol_D.uexp" 1502
"C:/Proyectos/VR_Test/VR_Test/Content/Weapons/Pistol/Textures/T_Pistol_Masks.ubulk" 1503
"C:/Proyectos/VR_Test/VR_Test/Content/Weapons/Pistol/Textures/T_Pistol_Masks.uasset" 1504
"C:/Proyectos/VR_Test/VR_Test/Content/Weapons/Pistol/Textures/T_Pistol_Masks.uexp" 1505
"C:/Proyectos/VR_Test/VR_Test/Content/Weapons/Pistol/Textures/T_Pistol_N.ubulk" 1506
"C:/Proyectos/VR_Test/VR_Test/Content/Weapons/Pistol/Textures/T_Pistol_N.uasset" 1507
"C:/Proyectos/VR_Test/VR_Test/Content/Weapons/Pistol/Textures/T_Pistol_N.uexp" 1508
"../../../Engine/Content/Engine_MI_Shaders/T_Normal.uasset" 1509
"../../../Engine/Content/Engine_MI_Shaders/T_Normal.uexp" 1510
"../../../Engine/Content/MaterialTemplates/LayerBlends/T_DefaultMaskTexture.uasset" 1511
"../../../Engine/Content/MaterialTemplates/LayerBlends/T_DefaultMaskTexture.uexp" 1512
"C:/Proyectos/VR_Test/VR_Test/Content/Weapons/Rifle/Materials/M_Weapon.uasset" 1513
"C:/Proyectos/VR_Test/VR_Test/Content/Weapons/Rifle/Materials/M_Weapon.uexp" 1514
"C:/Proyectos/VR_Test/VR_Test/Content/Weapons/Pistol/Materials/MI_Weapon_Pistol.uasset" 1515
"C:/Proyectos/VR_Test/VR_Test/Content/Weapons/Pistol/Materials/MI_Weapon_Pistol.uexp" 1516
"C:/Proyectos/VR_Test/VR_Test/Content/Weapons/Pistol/Meshes/SM_Pistol.ubulk" 1517
"C:/Proyectos/VR_Test/VR_Test/Content/Weapons/Pistol/Meshes/SM_Pistol.uasset" 1518
"C:/Proyectos/VR_Test/VR_Test/Content/Weapons/Pistol/Meshes/SM_Pistol.uexp" 1519
"C:/Proyectos/VR_Test/VR_Test/Content/XRFramework/Blueprints/BP_Pistol.uasset" 1520
"C:/Proyectos/VR_Test/VR_Test/Content/XRFramework/Blueprints/BP_Pistol.uexp" 1521
"C:/Proyectos/VR_Test/VR_Test/Content/XRFramework/Blueprints/BP_XRGameMode.uasset" 1522
"C:/Proyectos/VR_Test/VR_Test/Content/XRFramework/Blueprints/BP_XRGameMode.uexp" 1523
"C:/Proyectos/VR_Test/VR_Test/Content/VRTemplate/VRTemplateMap_BuiltData.ubulk" 1524
"C:/Proyectos/VR_Test/VR_Test/Content/VRTemplate/VRTemplateMap_BuiltData.uasset" 1525
"C:/Proyectos/VR_Test/VR_Test/Content/VRTemplate/VRTemplateMap_BuiltData.uexp" 1526
"C:/Proyectos/VR_Test/VR_Test/Content/Weapons/GrenadeLauncher/Textures/T_FPGun_M.ubulk" 1527
"C:/Proyectos/VR_Test/VR_Test/Content/Weapons/GrenadeLauncher/Textures/T_FPGun_M.uasset" 1528
"C:/Proyectos/VR_Test/VR_Test/Content/Weapons/GrenadeLauncher/Textures/T_FPGun_M.uexp" 1529
"C:/Proyectos/VR_Test/VR_Test/Content/Weapons/GrenadeLauncher/Textures/T_FPGun_N.ubulk" 1530
"C:/Proyectos/VR_Test/VR_Test/Content/Weapons/GrenadeLauncher/Textures/T_FPGun_N.uasset" 1531
"C:/Proyectos/VR_Test/VR_Test/Content/Weapons/GrenadeLauncher/Textures/T_FPGun_N.uexp" 1532
"C:/Proyectos/VR_Test/VR_Test/Content/Weapons/GrenadeLauncher/Materials/M_GrenadeLauncher.uasset" 1533
"C:/Proyectos/VR_Test/VR_Test/Content/Weapons/GrenadeLauncher/Materials/M_GrenadeLauncher.uexp" 1534
"C:/Proyectos/VR_Test/VR_Test/Content/Weapons/GrenadeLauncher/Meshes/SM_GrenadeLauncher.ubulk" 1535
"C:/Proyectos/VR_Test/VR_Test/Content/Weapons/GrenadeLauncher/Meshes/SM_GrenadeLauncher.uasset" 1536
"C:/Proyectos/VR_Test/VR_Test/Content/Weapons/GrenadeLauncher/Meshes/SM_GrenadeLauncher.uexp" 1537
"../../../Engine/Content/EngineMeshes/Sphere.ubulk" 1538
"../../../Engine/Content/EngineMeshes/Sphere.uasset" 1539
"../../../Engine/Content/EngineMeshes/Sphere.uexp" 1540
"../../../Engine/Content/EngineResources/DefaultTexture.ubulk" 1541
"../../../Engine/Content/EngineResources/DefaultTexture.uasset" 1542
"../../../Engine/Content/EngineResources/DefaultTexture.uexp" 1543
"../../../Engine/Plugins/FX/Niagara/Content/DefaultAssets/DefaultTextureSpriteMaterial.uasset" 1544
"../../../Engine/Plugins/FX/Niagara/Content/DefaultAssets/DefaultTextureSpriteMaterial.uexp" 1545
"../../../Engine/Plugins/FX/Niagara/Content/DefaultAssets/Templates/BehaviorExamples/RenderTargetTexturePainter.uasset" 1546
"../../../Engine/Plugins/FX/Niagara/Content/DefaultAssets/Templates/BehaviorExamples/RenderTargetTexturePainter.uexp" 1547
"../../../Engine/Plugins/FX/Niagara/Content/DefaultAssets/DefaultSpriteMaterial.uasset" 1548
"../../../Engine/Plugins/FX/Niagara/Content/DefaultAssets/DefaultSpriteMaterial.uexp" 1549
"../../../Engine/Plugins/FX/Niagara/Content/DefaultAssets/Templates/Systems/AttributeReaderTrails.uasset" 1550
"../../../Engine/Plugins/FX/Niagara/Content/DefaultAssets/Templates/Systems/AttributeReaderTrails.uexp" 1551
"../../../Engine/Plugins/FX/Niagara/Content/DefaultAssets/DefaultRIbbonMaterial.uasset" 1552
"../../../Engine/Plugins/FX/Niagara/Content/DefaultAssets/DefaultRIbbonMaterial.uexp" 1553
"../../../Engine/Plugins/FX/Niagara/Content/DefaultAssets/Templates/Systems/DirectionalBurst.uasset" 1554
"../../../Engine/Plugins/FX/Niagara/Content/DefaultAssets/Templates/Systems/DirectionalBurst.uexp" 1555
"../../../Engine/Plugins/FX/Niagara/Content/DefaultAssets/Templates/Systems/RadialBurst.uasset" 1556
"../../../Engine/Plugins/FX/Niagara/Content/DefaultAssets/Templates/Systems/RadialBurst.uexp" 1557
"../../../Engine/Plugins/FX/Niagara/Content/DefaultAssets/M_Gnomon_Alpha.uasset" 1558
"../../../Engine/Plugins/FX/Niagara/Content/DefaultAssets/M_Gnomon_Alpha.uexp" 1559
"../../../Engine/Plugins/FX/Niagara/Content/DefaultAssets/M_Gnomon.uasset" 1560
"../../../Engine/Plugins/FX/Niagara/Content/DefaultAssets/M_Gnomon.uexp" 1561
"../../../Engine/Plugins/FX/Niagara/Content/DefaultAssets/S_Arrow.ubulk" 1562
"../../../Engine/Plugins/FX/Niagara/Content/DefaultAssets/S_Arrow.uasset" 1563
"../../../Engine/Plugins/FX/Niagara/Content/DefaultAssets/S_Arrow.uexp" 1564
"../../../Engine/Plugins/FX/Niagara/Content/DefaultAssets/Templates/Systems/SimpleExplosion.uasset" 1565
"../../../Engine/Plugins/FX/Niagara/Content/DefaultAssets/Templates/Systems/SimpleExplosion.uexp" 1566
"C:/Proyectos/VR_Test/VR_Test/Content/Enemy/BP_Explosion.uasset" 1567
"C:/Proyectos/VR_Test/VR_Test/Content/Enemy/BP_Explosion.uexp" 1568
"C:/Proyectos/VR_Test/VR_Test/Content/XRFramework/Blueprints/BP_Nade.uasset" 1569
"C:/Proyectos/VR_Test/VR_Test/Content/XRFramework/Blueprints/BP_Nade.uexp" 1570
"C:/Proyectos/VR_Test/VR_Test/Content/XRFramework/Blueprints/BP_NadeLauncher.uasset" 1571
"C:/Proyectos/VR_Test/VR_Test/Content/XRFramework/Blueprints/BP_NadeLauncher.uexp" 1572
"C:/Proyectos/VR_Test/VR_Test/Content/Weapons/Rifle/Textures/T_Rifle_BC.ubulk" 1573
"C:/Proyectos/VR_Test/VR_Test/Content/Weapons/Rifle/Textures/T_Rifle_BC.uasset" 1574
"C:/Proyectos/VR_Test/VR_Test/Content/Weapons/Rifle/Textures/T_Rifle_BC.uexp" 1575
"C:/Proyectos/VR_Test/VR_Test/Content/Weapons/Rifle/Textures/T_Rifle_N.ubulk" 1576
"C:/Proyectos/VR_Test/VR_Test/Content/Weapons/Rifle/Textures/T_Rifle_N.uasset" 1577
"C:/Proyectos/VR_Test/VR_Test/Content/Weapons/Rifle/Textures/T_Rifle_N.uexp" 1578
"C:/Proyectos/VR_Test/VR_Test/Content/Weapons/Rifle/Materials/M_Rifle.uasset" 1579
"C:/Proyectos/VR_Test/VR_Test/Content/Weapons/Rifle/Materials/M_Rifle.uexp" 1580
"C:/Proyectos/VR_Test/VR_Test/Content/Weapons/Rifle/Meshes/SM_Rifle.ubulk" 1581
"C:/Proyectos/VR_Test/VR_Test/Content/Weapons/Rifle/Meshes/SM_Rifle.uasset" 1582
"C:/Proyectos/VR_Test/VR_Test/Content/Weapons/Rifle/Meshes/SM_Rifle.uexp" 1583
"C:/Proyectos/VR_Test/VR_Test/Content/XRFramework/Blueprints/BP_Rifle.uasset" 1584
"C:/Proyectos/VR_Test/VR_Test/Content/XRFramework/Blueprints/BP_Rifle.uexp" 1585
"C:/Proyectos/VR_Test/VR_Test/Content/VRTemplate/VRTemplateMap.uexp" 1586
"C:/Proyectos/VR_Test/VR_Test/Content/VRTemplate/VRTemplateMap.umap" 1587
